{
    "model_name": "BCDRBERT +ACL (cns 0.20, cdrcns 0.01)",
    "mlm_summary": {
        "acc": 0.8523744945891751,
        "cdr1_acc": 0.9967563820607073,
        "cdr2_acc": 0.9998990409508144,
        "cdr3_acc": 0.7366135528912581
    },
    "gdb_holdout": {
        "knn_scores": {
            "5": 0.3109999895095825,
            "10": 0.2930000126361847,
            "50": 0.24899999797344208,
            "100": 0.21025000512599945
        },
        "avg_precision": 0.0703881205738078,
        "svm_performance": {
            "ALRKVPTDNYITTY": {
                "max_acc": 0.8799999952316284,
                "max_valid_acc": 0.6850000023841858
            },
            "ALSKGVHFV": {
                "max_acc": 0.8849999904632568,
                "max_valid_acc": 0.6299999952316284
            },
            "APHGVVFLHVTYV": {
                "max_acc": 0.8250000476837158,
                "max_valid_acc": 0.7000000476837158
            },
            "CINGVCWTV": {
                "max_acc": 0.8949999809265137,
                "max_valid_acc": 0.7250000238418579
            },
            "DATYQRTRALVR": {
                "max_acc": 0.8700000047683716,
                "max_valid_acc": 0.7450000047683716
            },
            "FLCLFLLPSLATV": {
                "max_acc": 0.8400000333786011,
                "max_valid_acc": 0.6399999856948853
            },
            "KLNDLCFTNVYADSFVIR": {
                "max_acc": 0.8550000190734863,
                "max_valid_acc": 0.6349999904632568
            },
            "LITGRLQSLQTYV": {
                "max_acc": 0.8250000476837158,
                "max_valid_acc": 0.6499999761581421
            },
            "LITLATCELYHYQECV": {
                "max_acc": 0.8200000524520874,
                "max_valid_acc": 0.7549999952316284
            },
            "LLLGIGILV": {
                "max_acc": 0.8899999856948853,
                "max_valid_acc": 0.6650000214576721
            },
            "LTDEMIAQY": {
                "max_acc": 0.8200000524520874,
                "max_valid_acc": 0.625
            },
            "NQKLIANQF": {
                "max_acc": 0.8600000143051147,
                "max_valid_acc": 0.6600000262260437
            },
            "NRDVDTDFVNEFYAY": {
                "max_acc": 0.875,
                "max_valid_acc": 0.7649999856948853
            },
            "RNPANNAAIVL": {
                "max_acc": 0.8149999976158142,
                "max_valid_acc": 0.6349999904632568
            },
            "SEVGPEHSLAEY": {
                "max_acc": 0.8200000524520874,
                "max_valid_acc": 0.7050000429153442
            },
            "SEYKGPITDVFYKENSY": {
                "max_acc": 0.8700000047683716,
                "max_valid_acc": 0.6150000095367432
            },
            "SPFHPLADNKFAL": {
                "max_acc": 0.8350000381469727,
                "max_valid_acc": 0.6700000166893005
            },
            "TPINLVRDL": {
                "max_acc": 0.8350000381469727,
                "max_valid_acc": 0.7250000238418579
            },
            "YLDAYNMMI": {
                "max_acc": 0.800000011920929,
                "max_valid_acc": 0.6650000214576721
            },
            "YVVDDPCPIHFY": {
                "max_acc": 0.8550000190734863,
                "max_valid_acc": 0.6600000262260437
            }
        }
    }
}