{
    "model_name": "CDRBERT +ACL (cns 0.05)",
    "vdjdb": {
        "knn_scores": {
            "5": 0.2393103390932083,
            "10": 0.24689655005931854,
            "50": 0.22689655423164368,
            "100": 0.21206896007061005
        },
        "avg_precision": 0.06532852765526584
    },
    "dash": {
        "knn_scores": {
            "5": 0.7093425393104553,
            "10": 0.6643598675727844,
            "50": 0.6228373646736145,
            "100": 0.612456738948822
        },
        "avg_precision": 0.666744167516433
    }
}