{
    "model_name": "BCDR3Levenshtein",
    "vdjdb": {
        "knn_scores": {
            "5": 0.1827586144208908,
            "10": 0.18068964779376984,
            "50": 0.1624137908220291,
            "100": 0.15172414481639862
        },
        "avg_precision": 0.041605300764797196
    },
    "dash": {
        "knn_scores": {
            "5": 0.6955017447471619,
            "10": 0.7058823704719543,
            "50": 0.5951557159423828,
            "100": 0.5813148617744446
        },
        "avg_precision": 0.5783041508862482
    }
}