{
    "model_name": "BCDRBERT +ECL (small)",
    "vdjdb": {
        "knn_scores": {
            "5": 0.237931028008461,
            "10": 0.237931028008461,
            "50": 0.22655172646045685,
            "100": 0.2151724100112915
        },
        "avg_precision": 0.04984537976805084
    },
    "dash": {
        "knn_scores": {
            "5": 0.6920415163040161,
            "10": 0.6643598675727844,
            "50": 0.6470588445663452,
            "100": 0.6505190134048462
        },
        "avg_precision": 0.6450209492671225
    }
}