{
    "model_name": "BCDRBERT +ACL (SimCL2 cns 0.15)",
    "alignment": 1.3932957649230957,
    "uniformity": -1.4082859754562378,
    "knn_scores": {
        "5": 0.23827585577964783,
        "10": 0.2368965446949005,
        "50": 0.21551723778247833,
        "100": 0.2006896585226059
    }
}