{
    "model_name": "CDRBERT +ACL",
    "alignment": 1.322851300239563,
    "uniformity": -1.3513585329055786,
    "knn_scores": {
        "5": 0.24379310011863708,
        "10": 0.24241378903388977,
        "50": 0.22620689868927002,
        "100": 0.21206896007061005
    }
}