{
    "model_name": "CDRBERT +ACL",
    "vdjdb": {
        "knn_scores": {
            "5": 0.24379310011863708,
            "10": 0.24241378903388977,
            "50": 0.2296551764011383,
            "100": 0.2113793045282364
        },
        "avg_precision": 0.06314488332462281
    },
    "dash": {
        "knn_scores": {
            "5": 0.7093425393104553,
            "10": 0.6955017447471619,
            "50": 0.6366782188415527,
            "100": 0.6366782188415527
        },
        "avg_precision": 0.6652900184538625
    }
}