{
    "model_name": "BCDRBERT +ACL (SimCL2 cns 0.01)",
    "alignment": 1.394006371498108,
    "uniformity": -1.4080157279968262,
    "knn_scores": {
        "5": 0.23034483194351196,
        "10": 0.23172414302825928,
        "50": 0.228275865316391,
        "100": 0.2137930989265442
    }
}