{
    "model_name": "BVCDR3BERT",
    "alignment": 0.9899407625198364,
    "uniformity": -1.0046076774597168,
    "knn_scores": {
        "5": 0.2182857096195221,
        "10": 0.21371428668498993,
        "50": 0.18714286386966705,
        "100": 0.16571427881717682
    }
}