{
    "model_name": "BCDRBERT +ACL (cdrcns 0.01)",
    "alignment": 1.3001879453659058,
    "uniformity": -1.3263161182403564,
    "knn_scores": {
        "5": 0.24689655005931854,
        "10": 0.2524137794971466,
        "50": 0.23241379857063293,
        "100": 0.21965517103672028
    }
}