{
    "model_name": "BCDRBERT +ACL (cdrcns 0.01)",
    "vdjdb": {
        "knn_scores": {
            "5": 0.24724137783050537,
            "10": 0.2544827461242676,
            "50": 0.23000000417232513,
            "100": 0.21965517103672028
        },
        "avg_precision": 0.06641899701601783
    },
    "dash": {
        "knn_scores": {
            "5": 0.6747404932975769,
            "10": 0.6782007217407227,
            "50": 0.7024221420288086,
            "100": 0.6055363416671753
        },
        "avg_precision": 0.6790188065254623
    }
}