{
    "model_name": "BVCDR3BERT",
    "alignment": 0.9824098944664001,
    "uniformity": -0.9936779737472534,
    "knn_scores": {
        "5": 0.18931034207344055,
        "10": 0.19275861978530884,
        "50": 0.17482759058475494,
        "100": 0.15965516865253448
    }
}