{
    "model_name": "BVCDR3BERT",
    "vdjdb": {
        "knn_scores": {
            "5": 0.18931034207344055,
            "10": 0.19275861978530884,
            "50": 0.17482759058475494,
            "100": 0.15965516865253448
        },
        "avg_precision": 0.04582831237552391
    },
    "dash": {
        "knn_scores": {
            "5": 0.6955017447471619,
            "10": 0.6851211190223694,
            "50": 0.6020761132240295,
            "100": 0.5847750902175903
        },
        "avg_precision": 0.5749613735823428
    }
}