{
    "model_name": "BCDRBERT +ACL (small, double censoring, aul)",
    "mlm_summary": {
        "acc": 0.8487336437591984,
        "cdr1_acc": 0.9979956442874974,
        "cdr2_acc": 1.0,
        "cdr3_acc": 0.7300992819547469
    },
    "vdjdb": {
        "knn_scores": {
            "5": 0.23413793742656708,
            "10": 0.23965516686439514,
            "50": 0.22655172646045685,
            "100": 0.2055172473192215
        },
        "avg_precision": 0.0666760698236749,
        "svm_performance": {
            "ATDALMTGY": {
                "max_acc": 0.8199999928474426,
                "max_valid_acc": 0.6800000071525574
            },
            "AVFDRKSDAK": {
                "max_acc": 0.7599999904632568,
                "max_valid_acc": 0.5
            },
            "CINGVCWTV": {
                "max_acc": 0.7300000190734863,
                "max_valid_acc": 0.6499999761581421
            },
            "EIYKRWII": {
                "max_acc": 0.75,
                "max_valid_acc": 0.6200000047683716
            },
            "ELAGIGILTV": {
                "max_acc": 0.7200000286102295,
                "max_valid_acc": 0.5400000214576721
            },
            "FLKEKGGL": {
                "max_acc": 0.7900000214576721,
                "max_valid_acc": 0.6499999761581421
            },
            "FRDYVDRFYKTLRAEQASQE": {
                "max_acc": 0.9599999785423279,
                "max_valid_acc": 0.9100000262260437
            },
            "GILGFVFTL": {
                "max_acc": 0.800000011920929,
                "max_valid_acc": 0.699999988079071
            },
            "GLCTLVAML": {
                "max_acc": 0.7599999904632568,
                "max_valid_acc": 0.5600000023841858
            },
            "GLIYNRMGAVTTEV": {
                "max_acc": 0.7699999809265137,
                "max_valid_acc": 0.5099999904632568
            },
            "IVTDFSVIK": {
                "max_acc": 0.7400000095367432,
                "max_valid_acc": 0.6000000238418579
            },
            "KAFSPEVIPMF": {
                "max_acc": 0.7699999809265137,
                "max_valid_acc": 0.800000011920929
            },
            "KLGGALQAK": {
                "max_acc": 0.7099999785423279,
                "max_valid_acc": 0.5600000023841858
            },
            "KRWIILGLNK": {
                "max_acc": 0.800000011920929,
                "max_valid_acc": 0.6700000166893005
            },
            "LLLGIGILV": {
                "max_acc": 0.7400000095367432,
                "max_valid_acc": 0.550000011920929
            },
            "LLQTGIHVRVSQPSL": {
                "max_acc": 0.8100000023841858,
                "max_valid_acc": 0.5699999928474426
            },
            "LLWNGPMAV": {
                "max_acc": 0.7799999713897705,
                "max_valid_acc": 0.7300000190734863
            },
            "LPRRSGAAGA": {
                "max_acc": 0.7200000286102295,
                "max_valid_acc": 0.6100000143051147
            },
            "NEGVKAAW": {
                "max_acc": 0.75,
                "max_valid_acc": 0.6200000047683716
            },
            "NLSALGIFST": {
                "max_acc": 0.7599999904632568,
                "max_valid_acc": 0.6800000071525574
            },
            "NLVPMVATV": {
                "max_acc": 0.7099999785423279,
                "max_valid_acc": 0.6299999952316284
            },
            "PKYVKQNTLKLAT": {
                "max_acc": 0.7400000095367432,
                "max_valid_acc": 0.6100000143051147
            },
            "QARQMVQAMRTIGTHP": {
                "max_acc": 0.7900000214576721,
                "max_valid_acc": 0.5799999833106995
            },
            "RAKFKQLL": {
                "max_acc": 0.8100000023841858,
                "max_valid_acc": 0.6399999856948853
            },
            "RLRAEAQVK": {
                "max_acc": 0.75,
                "max_valid_acc": 0.6299999952316284
            },
            "SFHSLHLLF": {
                "max_acc": 0.8299999833106995,
                "max_valid_acc": 0.6299999952316284
            },
            "TPQDLNTML": {
                "max_acc": 0.8299999833106995,
                "max_valid_acc": 0.7599999904632568
            },
            "TPRVTGGGAM": {
                "max_acc": 0.8299999833106995,
                "max_valid_acc": 0.7599999904632568
            },
            "VTEHDTLLY": {
                "max_acc": 0.800000011920929,
                "max_valid_acc": 0.7099999785423279
            }
        }
    },
    "dash": {
        "knn_scores": {
            "5": 0.8024096488952637,
            "10": 0.800000011920929,
            "50": 0.7686746716499329,
            "100": 0.7373493909835815
        },
        "avg_precision": 0.7917909273373585,
        "svm_performance": {
            "BMLF": {
                "max_acc": 0.8695651888847351,
                "max_valid_acc": 0.72826087474823
            },
            "M1": {
                "max_acc": 0.8604938387870789,
                "max_valid_acc": 0.8771605491638184
            },
            "pp65": {
                "max_acc": 0.8088235259056091,
                "max_valid_acc": 0.6666666865348816
            }
        }
    },
    "mira": {
        "knn_scores": {
            "5": 0.25578948855400085,
            "10": 0.25684210658073425,
            "50": 0.20000000298023224,
            "100": 0.18052631616592407
        },
        "avg_precision": 0.06911590096146933,
        "svm_performance": {
            "FLNGSCGSV": {
                "max_acc": 0.8399999737739563,
                "max_valid_acc": 0.7099999785423279
            },
            "FLPRVFSAV": {
                "max_acc": 0.7599999904632568,
                "max_valid_acc": 0.7099999785423279
            },
            "FVDGVPFVV": {
                "max_acc": 0.7300000190734863,
                "max_valid_acc": 0.699999988079071
            },
            "HTTDPSFLGRY": {
                "max_acc": 0.7900000214576721,
                "max_valid_acc": 0.6299999952316284
            },
            "KAYNVTQAF": {
                "max_acc": 0.8100000023841858,
                "max_valid_acc": 0.6299999952316284
            },
            "KLNVGDYFV": {
                "max_acc": 0.7400000095367432,
                "max_valid_acc": 0.5899999737739563
            },
            "KLPDDFTGCV": {
                "max_acc": 0.7799999713897705,
                "max_valid_acc": 0.7300000190734863
            },
            "KLSYGIATV": {
                "max_acc": 0.7799999713897705,
                "max_valid_acc": 0.6399999856948853
            },
            "KLWAQCVQL": {
                "max_acc": 0.7599999904632568,
                "max_valid_acc": 0.6000000238418579
            },
            "KPLEFGATSAAL": {
                "max_acc": 0.8600000143051147,
                "max_valid_acc": 0.8299999833106995
            },
            "LEPLVDLPI": {
                "max_acc": 0.8299999833106995,
                "max_valid_acc": 0.7099999785423279
            },
            "MPASWVMRI": {
                "max_acc": 0.7900000214576721,
                "max_valid_acc": 0.7099999785423279
            },
            "RQLLFVVEV": {
                "max_acc": 0.7300000190734863,
                "max_valid_acc": 0.6899999976158142
            },
            "TLIGDCATV": {
                "max_acc": 0.7599999904632568,
                "max_valid_acc": 0.6200000047683716
            },
            "VLWAHGFEL": {
                "max_acc": 0.8500000238418579,
                "max_valid_acc": 0.7799999713897705
            },
            "YFPLQSYGF": {
                "max_acc": 0.8700000047683716,
                "max_valid_acc": 0.7099999785423279
            },
            "YIFFASFYY": {
                "max_acc": 0.7699999809265137,
                "max_valid_acc": 0.5699999928474426
            },