{
    "model_name": "random_embedder_7",
    "alignment": 0.6171044111251831,
    "uniformity": -1.4218260049819946,
    "5nn_accuracy": 0.7350835204124451
}