{
    "model_name": "random_embedder_7",
    "alignment": 0.8368315696716309,
    "uniformity": -1.6540576219558716
}