{
    "model_name": "BCDR3BERT +ACL",
    "alignment": 1.3802752494812012,
    "uniformity": -1.3975238800048828,
    "knn_scores": {
        "5": 0.22857142984867096,
        "10": 0.2314285784959793,
        "50": 0.1971428543329239,
        "100": 0.1891428530216217
    }
}