{
    "model_name": "BVCDR3BERT +ACL",
    "alignment": 1.3787336349487305,
    "uniformity": -1.398006796836853,
    "knn_scores": {
        "5": 0.2427586168050766,
        "10": 0.24689655005931854,
        "50": 0.2296551764011383,
        "100": 0.2127586156129837
    }
}