{
    "model_name": "random_embedder_4",
    "alignment": 0.5325327515602112,
    "uniformity": -1.1486204862594604
}