{
    "model_name": "CDR3BERT_cp_6_128_8_512-embed_6",
    "alignment": 0.35166510939598083,
    "uniformity": -0.7033869028091431,
    "5nn_accuracy": 0.5513126254081726
}