{
    "bg_dist_pdf": {
        "densities": [
            5.328711796373487e-07,
            1.4143496730561407e-06,
            1.6947295554260728e-05,
            3.884481496421795e-05,
            0.00020915940816438328,
            0.0004121086260389743,
            0.001373547677030264,
            0.0022502851109816283,
            0.005408747055513224,
            0.007729978734953859,
            0.014952758728878131,
            0.019746821448313984,
            0.032404892454643695,
            0.03892374962026703,
            0.05328240678489435,
            0.054002933281540245,
            0.06139665536182949,
            0.04984231495176769,
            0.048615506053317,
            0.03165221938356267,
            0.028001140443926514,
            0.01570295170792683,
            0.013167590476048187,
            0.006967350435012127,
            0.00563157187037784,
            0.00283376909247556,
            0.002236998192222073,
            0.0011071768285698634,
            0.0008542522622124612,
            0.000435440415539918,
            0.00032719286450629735,
            0.00015996593608533908,
            0.00012623568842474314,
            6.343657089925747e-05,
            5.774929158013735e-05,
            2.5463274219493124e-05,
            2.305788375440117e-05,
            7.390475052166595e-06,
            6.548837394608539e-06,
            2.893440704385978e-06
        ],
        "bins": [
            0,
            2,
            4,
            6,
            8,
            10,
            12,
            14,
            16,
            18,
            20,
            22,
            24,
            26,
            28,
            30,
            32,
            34,
            36,
            38,
            40,
            42,
            44,
            46,
            48,
            50,
            52,
            54,
            56,
            58,
            60,
            62,
            64,
            66,
            68,
            70,
            72,
            74,
            76,
            78,
            80
        ]
    },
    "bg_dist_cdf": {
        "x_coords": [
            0,
            2,
            4,
            6,
            8,
            10,
            12,
            14,
            16,
            18,
            20,
            22,
            24,
            26,
            28,
            30,
            32,
            34,
            36,
            38,
            40,
            42,
            44,
            46,
            48,
            50,
            52,
            54,
            56,
            58,
            60,
            62,
            64,
            66,
            68,
            70,
            72,
            74,
            76,
            78,
            80
        ],
        "y_coords": [
            9.561800606576725e-07,
            1.7629569868375838e-06,
            3.350614295887928e-05,
            5.7460445520147015e-05,
            0.0004770043675516312,
            0.0007602926309393971,
            0.003726711786413279,
            0.005471750357322496,
            0.01784389364488867,
            0.024501635964322532,
            0.060252740302491545,
            0.07805271938605272,
            0.15948085398831668,
            0.19518602184273826,
            0.33903794341605287,
            0.39028803928306416,
            0.5696382950114294,
            0.61930939895119,
            0.7711511312307332,
            0.8040627393562717,
            0.8952872773270784,
            0.912017440325898,
            0.9558860751298562,
            0.9634237222296924,
            0.9824742055488325,
            0.9855773285723535,
            0.993211858624794,
            0.9944352113307338,
            0.9973663414658439,
            0.9978600690242482,
            0.9989926443856793,
            0.9991772668190578,
            0.9996014322780492,
            0.9996733449867778,
            0.9998582662264255,
            0.9998867225434389,
            0.9999630077839033,
            0.9999712548369265,
            0.9999934561427098,
            0.9999952689007415,
            1.0
        ]
    },
    "ep_matched_dist_pdf_gdb_holdout": {
        "densities": [
            0.0005238693467336683,
            0.00017085427135678393,
            0.0006482412060301508,
            0.0005954773869346734,
            0.0013165829145728642,
            0.001457286432160804,
            0.003400753768844221,
            0.004244974874371859,
            0.008967336683417086,
            0.010537688442211056,
            0.020839195979899496,
            0.02278643216080402,
            0.03861180904522613,
            0.038282663316582914,
            0.053902010050251255,
            0.047228643216080404,
            0.0561143216080402,
            0.04097989949748744,
            0.043468592964824124,
            0.028396984924623114,
            0.027006281407035176,
            0.015590452261306533,
            0.013682160804020101,
            0.006876884422110553,
            0.006350502512562814,
            0.002571608040201005,
            0.0023542713567839195,
            0.0009108040201005025,
            0.00085678391959799,
            0.00040326633165829143,
            0.00035175879396984926,
            0.00016457286432160803,
            0.0001092964824120603,
            7.788944723618091e-05,
            6.909547738693467e-05,
            4.899497487437186e-05,
            4.396984924623116e-05,
            3.2663316582914576e-05,
            1.507537688442211e-05,
            1.0050251256281408e-05
        ],
        "bins": [
            0,
            2,
            4,
            6,
            8,
            10,
            12,
            14,
            16,
            18,
            20,
            22,
            24,
            26,
            28,
            30,
            32,
            34,
            36,
            38,
            40,
            42,
            44,
            46,
            48,
            50,
            52,
            54,
            56,
            58,
            60,
            62,
            64,
            66,
            68,
            70,
            72,
            74,
            76,
            78,
            80
        ]
    },
    "ep_matched_dist_cdf_gdb_holdout": {
        "x_coords": [
            0,
            2,
            4,
            6,
            8,
            10,
            12,
            14,
            16,
            18,
            20,
            22,
            24,
            26,
            28,
            30,
            32,
            34,
            36,
            38,
            40,
            42,
            44,
            46,
            48,
            50,
            52,
            54,
            56,
            58,
            60,
            62,
            64,
            66,
            68,
            70,
            72,
            74,
            76,
            78,
            80
        ],