{
    "model_name": "BCDRBERTBDPos",
    "alignment": 0.7951095700263977,
    "uniformity": -0.8189207911491394,
    "knn_scores": {
        "5": 0.21310344338417053,
        "10": 0.21310344338417053,
        "50": 0.21896551549434662,
        "100": 0.21448275446891785
    }
}