{
    "model_name": "BCDRBERTBDPos",
    "vdjdb": {
        "knn_scores": {
            "5": 0.21448275446891785,
            "10": 0.21413792669773102,
            "50": 0.22206896543502808,
            "100": 0.21413792669773102
        },
        "avg_precision": 0.056112710053237716
    },
    "dash": {
        "knn_scores": {
            "5": 0.7162629961967468,
            "10": 0.6747404932975769,
            "50": 0.6574394702911377,
            "100": 0.6193771362304688
        },
        "avg_precision": 0.6525214010897114
    }
}