{
    "model_name": "AutoContrastive_BetaCDR3BERT_SimCLoss_ap_6_128_8_512",
    "alignment": 1.3514958620071411,
    "uniformity": -1.396662950515747,
    "alignment + uniformity": -0.04516708850860596,
    "5nn_accuracy": 0.2849999964237213
}