{
    "model_name": "AutoContrastive_BetaCDR3BERT_SimCLoss_ap_6_128_8_512",
    "alignment": 1.3514958620071411,
    "uniformity": -1.396662950515747,
    "knn_scores": {
        "5": 0.2839130461215973,
        "10": 0.2908695638179779,
        "50": 0.25413042306900024,
        "100": 0.22630435228347778
    }
}