{
    "model_name": "BCDRBERT +ACL (SimCL2 cns 0.05)",
    "alignment": 1.390934944152832,
    "uniformity": -1.4071828126907349,
    "knn_scores": {
        "5": 0.2513793110847473,
        "10": 0.24448275566101074,
        "50": 0.22379310429096222,
        "100": 0.21206896007061005
    }
}