{
    "model_name": "BCDRBERTBDPos +ACL (cdrcns 0.10)",
    "vdjdb": {
        "knn_scores": {
            "5": 0.24620689451694489,
            "10": 0.24137930572032928,
            "50": 0.2199999988079071,
            "100": 0.2151724100112915
        },
        "avg_precision": 0.06403574631639271
    },
    "dash": {
        "knn_scores": {
            "5": 0.6955017447471619,
            "10": 0.6782007217407227,
            "50": 0.633217990398407,
            "100": 0.6089965105056763
        },
        "avg_precision": 0.6679755707108245
    }
}