{
    "model_name": "BCDRBERT +ACL (cdrcns 0.20)",
    "alignment": 1.175508737564087,
    "uniformity": -1.2041594982147217,
    "knn_scores": {
        "5": 0.25206896662712097,
        "10": 0.2548275887966156,
        "50": 0.22448275983333588,
        "100": 0.20620690286159515
    }
}