{
    "model_name": "BCDRBERT +ACL (cdrcns 0.20)",
    "vdjdb": {
        "knn_scores": {
            "5": 0.25068965554237366,
            "10": 0.2544827461242676,
            "50": 0.22034482657909393,
            "100": 0.2079310417175293
        },
        "avg_precision": 0.0647780123559165
    },
    "dash": {
        "knn_scores": {
            "5": 0.6920415163040161,
            "10": 0.6712802648544312,
            "50": 0.6712802648544312,
            "100": 0.6712802648544312
        },
        "avg_precision": 0.6855725609465825
    }
}