{
    "model_name": "BCDRBERTRPos +ACL (small, double censoring)",
    "mlm_summary": {
        "acc": 0.849416994513496,
        "cdr1_acc": 0.996836661669038,
        "cdr2_acc": 1.0,
        "cdr3_acc": 0.732924229777113
    },
    "gdb_holdout": {
        "knn_scores": {
            "5": 0.3009999990463257,
            "10": 0.2930000126361847,
            "50": 0.24449999630451202,
            "100": 0.2134999930858612
        },
        "avg_precision": 0.06930903833508142,
        "svm_performance": {
            "ALRKVPTDNYITTY": {
                "max_acc": 0.8250000476837158,
                "max_valid_acc": 0.675000011920929
            },
            "ALSKGVHFV": {
                "max_acc": 0.8149999976158142,
                "max_valid_acc": 0.6549999713897705
            },
            "APHGVVFLHVTYV": {
                "max_acc": 0.7749999761581421,
                "max_valid_acc": 0.625
            },
            "CINGVCWTV": {
                "max_acc": 0.8450000286102295,
                "max_valid_acc": 0.7300000190734863
            },
            "DATYQRTRALVR": {
                "max_acc": 0.7549999952316284,
                "max_valid_acc": 0.6499999761581421
            },
            "FLCLFLLPSLATV": {
                "max_acc": 0.7450000047683716,
                "max_valid_acc": 0.675000011920929
            },
            "KLNDLCFTNVYADSFVIR": {
                "max_acc": 0.7050000429153442,
                "max_valid_acc": 0.6449999809265137
            },
            "LITGRLQSLQTYV": {
                "max_acc": 0.7950000166893005,
                "max_valid_acc": 0.6449999809265137
            },
            "LITLATCELYHYQECV": {
                "max_acc": 0.8400000333786011,
                "max_valid_acc": 0.7749999761581421
            },
            "LLLGIGILV": {
                "max_acc": 0.7850000262260437,
                "max_valid_acc": 0.6050000190734863
            },
            "LTDEMIAQY": {
                "max_acc": 0.7549999952316284,
                "max_valid_acc": 0.625
            },
            "NQKLIANQF": {
                "max_acc": 0.75,
                "max_valid_acc": 0.6399999856948853
            },
            "NRDVDTDFVNEFYAY": {
                "max_acc": 0.8149999976158142,
                "max_valid_acc": 0.7749999761581421
            },
            "RNPANNAAIVL": {
                "max_acc": 0.7749999761581421,
                "max_valid_acc": 0.675000011920929
            },
            "SEVGPEHSLAEY": {
                "max_acc": 0.8200000524520874,
                "max_valid_acc": 0.7000000476837158
            },
            "SEYKGPITDVFYKENSY": {
                "max_acc": 0.7799999713897705,
                "max_valid_acc": 0.5800000429153442
            },
            "SPFHPLADNKFAL": {
                "max_acc": 0.7850000262260437,
                "max_valid_acc": 0.625
            },
            "TPINLVRDL": {
                "max_acc": 0.800000011920929,
                "max_valid_acc": 0.6349999904632568
            },
            "YLDAYNMMI": {
                "max_acc": 0.7450000047683716,
                "max_valid_acc": 0.7150000333786011
            },
            "YVVDDPCPIHFY": {
                "max_acc": 0.7849999666213989,
                "max_valid_acc": 0.6449999809265137
            }
        }
    }
}