{
    "bg_dist_pdf": {
        "densities": [
            1.4940313447776135e-06,
            0.0,
            0.0,
            2.0916438826886596e-06,
            1.4043894640909568e-05,
            4.5816961239846776e-05,
            0.00024113665904710685,
            0.0008771956035637629,
            0.0035206350629236206,
            0.015359339438941431,
            0.06858779177187131,
            0.2707267466471444,
            1.0015292904845157,
            2.9011411411411387,
            3.919093023371636,
            1.6500148905124015,
            0.16649425544947918,
            0.002350908122052404,
            1.9920417930368162e-07,
            0.0
        ],
        "bins": [
            0.0,
            0.1,
            0.2,
            0.30000000000000004,
            0.4,
            0.5,
            0.6000000000000001,
            0.7000000000000001,
            0.8,
            0.9,
            1.0,
            1.1,
            1.2000000000000002,
            1.3,
            1.4000000000000001,
            1.5,
            1.6,
            1.7000000000000002,
            1.8,
            1.9000000000000001,
            2.0
        ]
    },
    "bg_dist_cdf": {
        "x_coords": [
            0.0,
            0.1,
            0.2,
            0.30000000000000004,
            0.4,
            0.5,
            0.6000000000000001,
            0.7000000000000001,
            0.8,
            0.9,
            1.0,
            1.1,
            1.2000000000000002,
            1.3,
            1.4000000000000001,
            1.5,
            1.6,
            1.7000000000000002,
            1.8,
            1.9000000000000001,
            2.0
        ],
        "y_coords": [
            1.4940313447776135e-07,
            1.4940313447776135e-07,
            1.4940313447776135e-07,
            1.4940313447776135e-07,
            3.585675227466272e-07,
            1.7629569868375838e-06,
            6.344653110822265e-06,
            3.0458319015532946e-05,
            0.00011817787937190922,
            0.00047024138566427123,
            0.002006175329558414,
            0.008864954506745551,
            0.03593762917146002,
            0.13609055821991145,
            0.4262046723340256,
            0.8181139746711886,
            0.9831154637224289,
            0.9997648892673768,
            0.999999980079582,
            1.0,
            1.0
        ]
    },
    "ep_matched_dist_pdf_gdb_holdout": {
        "densities": [
            0.009798994974874372,
            5.0251256281407036e-05,
            0.0005527638190954772,
            0.004522613065326635,
            0.00834170854271357,
            0.012763819095477375,
            0.017989949748743725,
            0.025628140703517592,
            0.040703517587939705,
            0.06924623115577891,
            0.1638442211055275,
            0.4217839195979896,
            1.1617587939698508,
            2.8789447236180883,
            3.533090452261311,
            1.478040201005024,
            0.17065326633165814,
            0.0022864321608040234,
            0.0,
            0.0
        ],
        "bins": [
            0.0,
            0.1,
            0.2,
            0.30000000000000004,
            0.4,
            0.5,
            0.6000000000000001,
            0.7000000000000001,
            0.8,
            0.9,
            1.0,
            1.1,
            1.2000000000000002,
            1.3,
            1.4000000000000001,
            1.5,
            1.6,
            1.7000000000000002,
            1.8,
            1.9000000000000001,
            2.0
        ]
    },
    "ep_matched_dist_cdf_gdb_holdout": {
        "x_coords": [
            0.0,
            0.1,
            0.2,
            0.30000000000000004,
            0.4,
            0.5,
            0.6000000000000001,
            0.7000000000000001,
            0.8,
            0.9,
            1.0,
            1.1,
            1.2000000000000002,
            1.3,
            1.4000000000000001,
            1.5,
            1.6,
            1.7000000000000002,
            1.8,
            1.9000000000000001,
            2.0
        ],
        "y_coords": [
            0.000979899497487437,
            0.000979899497487437,
            0.0009849246231155779,
            0.0010402010050251256,
            0.0014924623115577889,
            0.002326633165829146,
            0.0036030150753768846,
            0.005402010050251256,
            0.007964824120603014,
            0.012035175879396984,
            0.018959798994974873,
            0.03534422110552764,
            0.07752261306532664,
            0.19369849246231155,
            0.4815929648241206,
            0.8349020100502512,
            0.9827060301507538,
            0.9997713567839196,
            1.0,
            1.0,
            1.0
        ]
    }
}