{
    "model_name": "CDRBERT +ACL",
    "vdjdb": {
        "knn_scores": {
            "5": 0.45642855763435364,
            "10": 0.4578571319580078,
            "50": 0.39714285731315613,
            "100": 0.363571435213089
        },
        "avg_precision": 0.14795248199063357
    },
    "dash": {
        "knn_scores": {
            "5": 0.7951807379722595,
            "10": 0.7903614640235901,
            "50": 0.7469879388809204,
            "100": 0.7325301170349121
        },
        "avg_precision": 0.780773529274012
    }
}