{
    "model_name": "CDR3BERT +ACL",
    "alignment": 1.3467644453048706,
    "uniformity": -1.3597456216812134,
    "knn_scores": {
        "5": 0.1899999976158142,
        "10": 0.19413793087005615,
        "50": 0.17827586829662323,
        "100": 0.170689657330513
    }
}