{
    "model_name": "BVCDR3BERT +ACL",
    "alignment": 1.3704934120178223,
    "uniformity": -1.3979860544204712,
    "knn_scores": {
        "5": 0.27142858505249023,
        "10": 0.26171427965164185,
        "50": 0.23685714602470398,
        "100": 0.22657142579555511
    }
}