{
    "model_name": "BCDRBERTBDPos +ACL (cdrcns 0.01)",
    "vdjdb": {
        "knn_scores": {
            "5": 0.25172412395477295,
            "10": 0.2513793110847473,
            "50": 0.23482759296894073,
            "100": 0.2210344821214676
        },
        "avg_precision": 0.06554404573354904
    },
    "dash": {
        "knn_scores": {
            "5": 0.6678200960159302,
            "10": 0.6920415163040161,
            "50": 0.633217990398407,
            "100": 0.6262975931167603
        },
        "avg_precision": 0.6667350638927012
    }
}