{
    "gdb_holdout": {
        "avg_precision": 0.06743374449810502,
        "precisions": [
            0.04976244061015254,
            0.049762446832013855,
            0.049762453053876735,
            0.04976230254081592,
            0.04976230876267398,
            0.049762277058942234,
            0.04976214521051465,
            0.04976215143238026,
            0.049761982252164404,
            0.049761981656964764,
            0.04976200654446056,
            0.049762030836902504,
            0.049762099277883096,
            0.049761948761780965,
            0.04976220948871414,
            0.049762358816930516,
            0.04976241481524271,
            0.04976242607112701,
            0.0497625991025117,
            0.04976253006510417,
            0.0497626159880664,
            0.04976262546439582,
            0.04976258753701481,
            0.04976251049402769,
            0.04976270160672676,
            0.04976266308511605,
            0.049763140441137485,
            0.049763212743896126,
            0.04976326815616261,
            0.049763281496191,
            0.04976279077793971,
            0.049762782775199556,
            0.04976269031264002,
            0.04976304028765318,
            0.04976283877138378,
            0.0497634904490111,
            0.049764154011007644,
            0.049764163508964836,
            0.04976472012550928,
            0.04976466562407134,
            0.04976482509906413,
            0.04976546714826514,
            0.049765631107428196,
            0.049765401737719504,
            0.049765936857990016,
            0.0497660905180534,
            0.04976607844037449,
            0.04976676481126014,
            0.04976653075358699,
            0.049766535027502605,
            0.04976754078670804,
            0.04976733105852607,
            0.04976768465672708,
            0.049767636246243016,
            0.049768164261883414,
            0.04976747655055887,
            0.0497659880625003,
            0.04976603394622911,
            0.04976648530627893,
            0.04976702861597574,
            0.04976738258716831,
            0.049767299312401835,
            0.049768467654646514,
            0.049769991252430125,
            0.049765922709598516,
            0.04976608645620918,
            0.0497682114642948,
            0.049765085415000736,
            0.04976426083798127,
            0.04976428420429112,
            0.04976244628312974,
            0.04976363766960318,
            0.04975970610545849,
            0.04975944532781664,
            0.04976132415238027,
            0.049766026204412686,
            0.04976611945811556,
            0.04977004239113733,
            0.049771361161460685,
            0.049777997548186376,
            0.04977846608403586,
            0.049778948805584325,
            0.049783852817397736,
            0.049783608887582445,
            0.04978116081840642,
            0.04978530846272394,
            0.049780497290779276,
            0.04979124057984468,
            0.04978931053429657,
            0.04979201384705042,
            0.049798807508489626,
            0.04979760261275477,
            0.04980154649880006,
            0.04980266288156692,
            0.04980681886429122,
            0.049797100189383325,
            0.049790069937653586,
            0.04978718246097453,
            0.049786961886196815,
            0.04978365993182475,
            0.04978731941495352,
            0.04978842147340783,
            0.04979989717741987,
            0.04981722482339295,
            0.0498236744394898,
            0.04983596954326815,
            0.049854341516839026,
            0.04985664879932786,
            0.049860162525125006,
            0.04987284875316239,
            0.04987853771645644,
            0.049879259291447584,
            0.0498987124868987,
            0.049918245647783015,
            0.04992419101054875,
            0.04997081778956161,
            0.049982719650008375,
            0.05000441774765554,
            0.05006146343816005,
            0.050046096139756496,
            0.05003168889096649,
            0.05007287212622651,
            0.05007112303461659,
            0.05007513767910202,
            0.050112959745879246,
            0.05012452949345487,
            0.05014893152241468,
            0.050222552191260435,
            0.05025340646277607,
            0.05027034517249146,
            0.050335729894587455,
            0.05035460346807457,
            0.050370936813943674,
            0.05045728711968,
            0.050463430312248765,
            0.050498123179758686,
            0.05056320791373276,
            0.05061637843158169,
            0.05067793686093389,
            0.05079595711429519,
            0.05083720910380425,
            0.05091823226078554,
            0.051063664337735404,
            0.05110986268301855,
            0.05116667664513449,
            0.05131634695240354,
            0.05141607688840705,
            0.05150188493150228,
            0.05167660538131667,
            0.051809934693951176,
            0.05192953022032156,
            0.052149913517518985,
            0.05225524710602262,
            0.052318331730074684,
            0.05247919809255024,
            0.052654686987030144,
            0.05277429262440998,
            0.05298678519013485,
            0.053142716710592106,
            0.053229534134690316,
            0.05364392922252146,
            0.05393119191688474,
            0.05412208442013589,
            0.05452128460739976,
            0.05473087174992567,
            0.05494933224409293,
            0.05532393583105508,
            0.05565964041243712,
            0.055897670273621324,
            0.05620746929967839,
            0.05669244758531274,
            0.05684765239894321,
            0.057418219682442685,
            0.05778569640734086,
            0.05811706426311739,
            0.05857882662145704,
            0.05906069275602589,
            0.0595163909725224,
            0.06010771961714129,
            0.06073473467239516,
            0.06130679036807385,
            0.06174306653376064,
            0.06253104974034375,
            0.06294877276841886,
            0.06375894838943867,
            0.06465690846931468,
            0.06544389553199116,
            0.06616617905072017,
            0.06712460020782446,
            0.06818895821651694,
            0.0692894775991624,
            0.07051878820941278,
            0.07177880207884137,
            0.07266386769767788,
            0.07401328644001563,
            0.07506863320521802,
            0.07605658313936357,
            0.07748737381672081,
            0.0788122898705103,
            0.07992259046780488,
            0.08129118181401443,
            0.08380730300109493,
            0.08561852790787608,
            0.08724462951549135,
            0.089802410637011,
            0.09092858748854182,
            0.092922515952598,
            0.09517170762444864,
            0.09635916129738585,
            0.09797672488990064,
            0.0999676451027268,
            0.1010246418338109,
            0.10270058857758826,
            0.11001588339717835,
            0.11203559671526245,
            0.11434546581595277,
            0.12105617615624496,
            0.12202507794800475,
            0.12459044461566,
            0.12945483226597396,
            0.13090128755364808,
            0.13326533007158398,
            0.1368418046286688,
            0.13768025319621746,
            0.1396317685966731,
            0.15771973399567343,
            0.15952714559725756,
            0.16217497385848728,
            0.17876807492409819,
            0.1795275590551181,
            0.18241719207885623,
            0.19280221100696948,
            0.19363170426570886,
            0.1964411193320382,
            0.20147970841040147,
            0.20202307087302282,
            0.20370781527531084,
            0.2466091245376079,
