{
    "model_name": "BCDRBERTBDPos +ACL (cdrcns 0.15)",
    "vdjdb": {
        "knn_scores": {
            "5": 0.24137930572032928,
            "10": 0.24310344457626343,
            "50": 0.22620689868927002,
            "100": 0.21931034326553345
        },
        "avg_precision": 0.0640158121729258
    },
    "dash": {
        "knn_scores": {
            "5": 0.7024221420288086,
            "10": 0.6816608905792236,
            "50": 0.6539792418479919,
            "100": 0.6228373646736145
        },
        "avg_precision": 0.67274788699543
    }
}