{
    "model_name": "CDR3BERT_cp_6_128_8_512-embed_3",
    "alignment": 0.17461556196212769,
    "uniformity": -0.3571585714817047,
    "5nn_accuracy": 0.5584725737571716
}