{
    "model_name": "CDRBERT +ACL (cns 0.05)",
    "alignment": 1.3220025300979614,
    "uniformity": -1.3528550863265991,
    "knn_scores": {
        "5": 0.2393103390932083,
        "10": 0.24689655005931854,
        "50": 0.22689655423164368,
        "100": 0.21206896007061005
    }
}