{
    "model_name": "BCDRBERT +ACL (cns 0.20, cdrcns 0.01)",
    "vdjdb": {
        "knn_scores": {
            "5": 0.25310343503952026,
            "10": 0.25275862216949463,
            "50": 0.2393103390932083,
            "100": 0.21551723778247833
        },
        "avg_precision": 0.07128500783427173
    },
    "dash": {
        "knn_scores": {
            "5": 0.6851211190223694,
            "10": 0.6989619135856628,
            "50": 0.6401383876800537,
            "100": 0.5743944644927979
        },
        "avg_precision": 0.6689420604355925
    }
}