{
    "model_name": "random_embedder_1",
    "alignment": 0.18869493901729584,
    "uniformity": -0.21846258640289307,
    "alignment + uniformity": -0.02976764738559723,
    "5nn_accuracy": 0.07062499970197678
}