{
    "model_name": "random_embedder_1",
    "alignment": 0.6489629149436951,
    "uniformity": -1.4969077110290527
}