{
    "model_name": "random_embedder_1",
    "alignment": 0.8555066585540771,
    "uniformity": -2.0485129356384277,
    "5nn_accuracy": 0.7732697129249573
}