{
    "model_name": "CDR3BERT_cp_6_128_8_512-embed_1",
    "alignment": 0.1499224603176117,
    "uniformity": -0.3192595839500427,
    "5nn_accuracy": 0.5871121883392334
}