{
    "bg_dist_pdf": {
        "densities": [
            7.669360903191749e-07,
            2.3277008351635218e-05,
            0.00032818888540281577,
            0.002406167361391242,
            0.010254383736970801,
            0.029302675810138498,
            0.06562109373054646,
            0.1230748360300599,
            0.18651508224642552,
            0.21453116798390431,
            0.18045039068919666,
            0.11072343985776821,
            0.05054490311206729,
            0.018229493174766808,
            0.005687070154731846,
            0.0016369304628011095,
            0.00047321948814486127,
            0.00014726168955024677,
            4.040856777175185e-05,
            7.788883410773958e-06,
            1.215145493752459e-06,
            2.1912459723404997e-07,
            1.9920417930368178e-08,
            0.0,
            0.0
        ],
        "bins": [
            0,
            1,
            2,
            3,
            4,
            5,
            6,
            7,
            8,
            9,
            10,
            11,
            12,
            13,
            14,
            15,
            16,
            17,
            18,
            19,
            20,
            21,
            22,
            23,
            24,
            25
        ]
    },
    "bg_dist_cdf": {
        "x_coords": [
            0,
            1,
            2,
            3,
            4,
            5,
            6,
            7,
            8,
            9,
            10,
            11,
            12,
            13,
            14,
            15,
            16,
            17,
            18,
            19,
            20,
            21,
            22,
            23,
            24,
            25
        ],
        "y_coords": [
            7.669360903191749e-07,
            2.404394444195439e-05,
            0.00035223282984477017,
            0.002758400191236012,
            0.013012783928206813,
            0.04231545973834531,
            0.10793655346889178,
            0.2310113894989517,
            0.4175264717453772,
            0.6320576397292815,
            0.8125080304184782,
            0.9232314702762464,
            0.9737763733883137,
            0.9920058665630805,
            0.9976929367178123,
            0.9993298671806135,
            0.9998030866687583,
            0.9999503483583085,
            0.9999907569260803,
            0.9999985458094911,
            0.9999997609549849,
            0.999999980079582,
            1.0,
            1.0,
            1.0,
            1.0
        ]
    },
    "ep_matched_dist_pdf_gdb_holdout": {
        "densities": [
            0.0010025125628140704,
            0.0014170854271356784,
            0.0033165829145728643,
            0.007741206030150754,
            0.02058040201005025,
            0.04676381909547739,
            0.09165577889447236,
            0.1455678391959799,
            0.18903266331658292,
            0.19124120603015074,
            0.14751005025125627,
            0.0890175879396985,
            0.041236180904522614,
            0.016050251256281407,
            0.0053618090452261305,
            0.0017763819095477386,
            0.00047487437185929647,
            0.00014321608040201005,
            7.788944723618091e-05,
            3.015075376884422e-05,
            2.512562814070352e-06,
            0.0,
            0.0,
            0.0,
            0.0
        ],
        "bins": [
            0,
            1,
            2,
            3,
            4,
            5,
            6,
            7,
            8,
            9,
            10,
            11,
            12,
            13,
            14,
            15,
            16,
            17,
            18,
            19,
            20,
            21,
            22,
            23,
            24,
            25
        ]
    },
    "ep_matched_dist_cdf_gdb_holdout": {
        "x_coords": [
            0,
            1,
            2,
            3,
            4,
            5,
            6,
            7,
            8,
            9,
            10,
            11,
            12,
            13,
            14,
            15,
            16,
            17,
            18,
            19,
            20,
            21,
            22,
            23,
            24,
            25
        ],
        "y_coords": [
            0.0010025125628140704,
            0.002419597989949749,
            0.005736180904522613,
            0.013477386934673367,
            0.03405778894472362,
            0.080821608040201,
            0.17247738693467338,
            0.3180452261306533,
            0.5070778894472362,
            0.6983190954773869,
            0.8458291457286432,
            0.9348467336683417,
            0.9760829145728643,
            0.9921331658291457,
            0.9974949748743719,
            0.9992713567839197,
            0.9997462311557789,
            0.9998894472361809,
            0.9999673366834171,
            0.999997487437186,
            1.0,
            1.0,
            1.0,
            1.0,
            1.0,
            1.0
        ]
    }
}