{
    "model_name": "BCDRBERTBDPos +ACL (cdrcns 0.01)",
    "vdjdb": {
        "knn_scores": {
            "5": 0.2534482777118683,
            "10": 0.2475862056016922,
            "50": 0.23241379857063293,
            "100": 0.2234482765197754
        },
        "avg_precision": 0.06620402630366896
    },
    "dash": {
        "knn_scores": {
            "5": 0.6747404932975769,
            "10": 0.6608996391296387,
            "50": 0.6574394702911377,
            "100": 0.6297577619552612
        },
        "avg_precision": 0.6685732775151141
    }
}