{
    "model_name": "BCDR3BERT +ACL",
    "alignment": 1.3912850618362427,
    "uniformity": -1.4022504091262817,
    "knn_scores": {
        "5": 0.1899999976158142,
        "10": 0.18931034207344055,
        "50": 0.1972413808107376,
        "100": 0.1875862032175064
    }
}