{
    "model_name": "CDR3BERT_c_6_128_8_512-embed_6",
    "alignment": 0.47125548124313354,
    "uniformity": -0.9563583135604858,
    "5nn_accuracy": 0.5489259958267212
}