{
    "model_name": "CDR3BERT_cp_6_128_8_512-embed_2",
    "alignment": 0.1865515112876892,
    "uniformity": -0.38147786259651184,
    "5nn_accuracy": 0.5513126254081726
}