{
    "model_name": "CDR3BERT_cp_6_128_8_512-embed_2",
    "alignment": 0.14400218427181244,
    "uniformity": -0.30851221084594727,
    "5nn_accuracy": 0.5751789808273315
}