{
    "model_name": "BCDR3BERT (-pos)",
    "vdjdb": {
        "knn_scores": {
            "5": 0.11862068623304367,
            "10": 0.11862068623304367,
            "50": 0.11034482717514038,
            "100": 0.11137931048870087
        },
        "avg_precision": 0.038416614623895694
    },
    "dash": {
        "knn_scores": {
            "5": 0.6435986161231995,
            "10": 0.6643598675727844,
            "50": 0.5882353186607361,
            "100": 0.5813148617744446
        },
        "avg_precision": 0.5139945281250732
    }
}