{
    "model_name": "BetaCDR3BERT_ap_6_128_8_512-embed_5",
    "alignment": 0.9321476221084595,
    "uniformity": -0.9673181772232056,
    "knn_scores": {
        "5": 0.25565215945243835,
        "10": 0.2523913085460663,
        "50": 0.21369564533233643,
        "100": 0.18282608687877655
    },
    "mlm": {
        "top1_acc": 0.708390835411502,
        "top5_acc": 0.8841762342513183
    }
}