{
    "model_name": "BCDR3BERT (rel pos)",
    "alignment": 1.035804033279419,
    "uniformity": -1.0421297550201416,
    "knn_scores": {
        "5": 0.14448276162147522,
        "10": 0.1513793170452118,
        "50": 0.14620690047740936,
        "100": 0.13241378962993622
    }
}