{
    "model_name": "BCDR3BERT (rel pos)",
    "vdjdb": {
        "knn_scores": {
            "5": 0.14586207270622253,
            "10": 0.1503448337316513,
            "50": 0.1393103450536728,
            "100": 0.13310344517230988
        },
        "avg_precision": 0.04128399801998314
    },
    "dash": {
        "knn_scores": {
            "5": 0.733564019203186,
            "10": 0.6955017447471619,
            "50": 0.6055363416671753,
            "100": 0.5986159443855286
        },
        "avg_precision": 0.5424586330847305
    }
}