{
    "model_name": "CDRBERT +ACL (cns 0.20, cdrcns 0.01, chaincns 0.01)",
    "vdjdb": {
        "knn_scores": {
            "5": 0.23724137246608734,
            "10": 0.24931034445762634,
            "50": 0.23172414302825928,
            "100": 0.21551723778247833
        },
        "avg_precision": 0.06633757994123288
    },
    "dash": {
        "knn_scores": {
            "5": 0.7093425393104553,
            "10": 0.6816608905792236,
            "50": 0.6055363416671753,
            "100": 0.5986159443855286
        },
        "avg_precision": 0.6710731495091565
    }
}