{
    "model_name": "CDRBERT +ACL (combcns)",
    "alignment": 1.260665774345398,
    "uniformity": -1.288451075553894,
    "knn_scores": {
        "5": 0.2544827461242676,
        "10": 0.2558620572090149,
        "50": 0.2355172485113144,
        "100": 0.2199999988079071
    }
}