{
    "bg_dist_pdf": {
        "densities": [
            2.2908480619923406e-07,
            3.017943316450779e-06,
            3.857588932215798e-05,
            0.0002467542169034706,
            0.0009184408288885901,
            0.0023534977763833486,
            0.004853609828734207,
            0.008551108322252601,
            0.011892758430071863,
            0.012387033799969123,
            0.010985144348328427,
            0.012334712822275011,
            0.020050149652139703,
            0.03538300489544271,
            0.057034766109392974,
            0.08044777115423882,
            0.09975734938919019,
            0.11057576979965039,
            0.1107811194278856,
            0.10325431899561253,
            0.09379171211012007,
            0.08232729246659595,
            0.06482816149482816,
            0.042423687368961,
            0.0218718917922898,
            0.008791627448343867,
            0.0028996558747802527,
            0.0008680023306888978,
            0.0002505490565192058,
            7.198243019138542e-05,
            1.9890537303472626e-05,
            5.298831169477936e-06,
            9.86060687553225e-07,
            1.2948271654739316e-07,
            0.0
        ],
        "bins": [
            0,
            1,
            2,
            3,
            4,
            5,
            6,
            7,
            8,
            9,
            10,
            11,
            12,
            13,
            14,
            15,
            16,
            17,
            18,
            19,
            20,
            21,
            22,
            23,
            24,
            25,
            26,
            27,
            28,
            29,
            30,
            31,
            32,
            33,
            34,
            35
        ]
    },
    "bg_dist_cdf": {
        "x_coords": [
            0,
            1,
            2,
            3,
            4,
            5,
            6,
            7,
            8,
            9,
            10,
            11,
            12,
            13,
            14,
            15,
            16,
            17,
            18,
            19,
            20,
            21,
            22,
            23,
            24,
            25,
            26,
            27,
            28,
            29,
            30,
            31,
            32,
            33,
            34,
            35
        ],
        "y_coords": [
            2.2908480619923406e-07,
            3.2470281226500132e-06,
            4.182291744480799e-05,
            0.00028857713434827864,
            0.0012070179632368686,
            0.0035605157396202173,
            0.008414125568354424,
            0.016965233890607025,
            0.02885799232067889,
            0.04124502612064801,
            0.05223017046897644,
            0.06456488329125146,
            0.08461503294339115,
            0.11999803783883387,
            0.17703280394822685,
            0.25748057510246564,
            0.3572379244916558,
            0.46781369429130626,
            0.5785948137191919,
            0.6818491327148044,
            0.7756408448249245,
            0.8579681372915203,
            0.9227962987863485,
            0.9652199861553096,
            0.9870918779475993,
            0.9958835053959432,
            0.9987831612707234,
            0.9996511636014124,
            0.9999017126579316,
            0.999973695088123,
            0.9999935856254264,
            0.9999988844565959,
            0.9999998705172835,
            1.0,
            1.0,
            1.0
        ]
    },
    "ep_matched_dist_pdf_gdb_holdout": {
        "densities": [
            0.000979899497487437,
            0.0012261306532663316,
            0.002314070351758794,
            0.003190954773869347,
            0.004851758793969849,
            0.007183417085427136,
            0.009821608040201005,
            0.012876884422110553,
            0.014386934673366833,
            0.012962311557788944,
            0.011992462311557789,
            0.015366834170854271,
            0.025128140703517588,
            0.04392211055276382,
            0.06878643216080402,
            0.094856783919598,
            0.11787939698492463,
            0.12676633165829146,
            0.11668844221105527,
            0.09469095477386935,
            0.07242713567839196,
            0.05526130653266332,
            0.04021608040201005,
            0.02407286432160804,
            0.013035175879396985,
            0.005979899497487437,
            0.0021532663316582916,
            0.0006834170854271357,
            0.00021105527638190955,
            6.28140703517588e-05,
            2.2613065326633167e-05,
            2.512562814070352e-06,
            0.0,
            0.0,
            0.0
        ],
        "bins": [
            0,
            1,
            2,
            3,
            4,
            5,
            6,
            7,
            8,
            9,
            10,
            11,
            12,
            13,
            14,
            15,
            16,
            17,
            18,
            19,
            20,
            21,
            22,
            23,
            24,
            25,
            26,
            27,
            28,
            29,
            30,
            31,
            32,
            33,
            34,
            35
        ]
    },
    "ep_matched_dist_cdf_gdb_holdout": {
        "x_coords": [
            0,
            1,
            2,
            3,
            4,
            5,
            6,
            7,
            8,
            9,
            10,
            11,
            12,
            13,
            14,
            15,
            16,
            17,
            18,
            19,
            20,
            21,
            22,
            23,
            24,
            25,
            26,
            27,
            28,
            29,
            30,
            31,
            32,
            33,
            34,
            35
        ],
        "y_coords": [
            0.000979899497487437,
            0.0022060301507537687,
            0.004520100502512563,
            0.007711055276381909,
            0.01256281407035176,
            0.019746231155778893,
            0.0295678391959799,
            0.04244472361809045,
            0.05683165829145729,
            0.06979396984924623,
            0.08178643216080402,
            0.09715326633165829,
            0.12228140703517588,
            0.1662035175879397,
            0.2349899497487437,
            0.3298467336683417,
            0.44772613065326633,
            0.5744924623115578,
            0.691180904522613,
            0.7858718592964824,
            0.8582989949748744,
            0.9135603015075376,
            0.9537763819095477,
            0.9778492462311558,
            0.9908844221105527,
            0.9968643216080402,
            0.9990175879396985,
            0.9997010050251256,
            0.9999120603015076,
            0.9999748743718593,
            0.999997487437186,
            1.0,
            1.0,
            1.0,
            1.0,
            1.0
        ]
    }
}