{
    "model_name": "SimCTE_CDR3BERT_cp_6_128_8_512",
    "alignment": 1.7601778507232666,
    "uniformity": -3.4398343563079834,
    "5nn_accuracy": 0.5799522399902344
}