{
    "model_name": "BCDRBERTBDPos +ACL (cdrcns 0.05)",
    "vdjdb": {
        "knn_scores": {
            "5": 0.24724137783050537,
            "10": 0.25310343503952026,
            "50": 0.22655172646045685,
            "100": 0.2186206877231598
        },
        "avg_precision": 0.06640423898719276
    },
    "dash": {
        "knn_scores": {
            "5": 0.6608996391296387,
            "10": 0.6608996391296387,
            "50": 0.6366782188415527,
            "100": 0.5882353186607361
        },
        "avg_precision": 0.662586793165208
    }
}