{
    "model_name": "BCDRBERTBDPos +ACL (cdrcns 0.05)",
    "vdjdb": {
        "knn_scores": {
            "5": 0.24862068891525269,
            "10": 0.24793103337287903,
            "50": 0.22620689868927002,
            "100": 0.21827585995197296
        },
        "avg_precision": 0.06558477074248999
    },
    "dash": {
        "knn_scores": {
            "5": 0.6885812878608704,
            "10": 0.6643598675727844,
            "50": 0.6539792418479919,
            "100": 0.6193771362304688
        },
        "avg_precision": 0.6640130501596322
    }
}