{
    "model_name": "cdr3b_levenshtein",
    "gdb_holdout": {
        "knn_scores": {
            "5": 0.24924999475479126,
            "10": 0.2290000021457672,
            "50": 0.18275000154972076,
            "100": 0.16300000250339508
        },
        "avg_precision": 0.05645294054726983,
        "svm_performance": {}
    }
}