{
    "model_name": "BCDRBERTBDPos +ACL (cns 0.01)",
    "vdjdb": {
        "knn_scores": {
            "5": 0.2475862056016922,
            "10": 0.2465517222881317,
            "50": 0.22689655423164368,
            "100": 0.22137930989265442
        },
        "avg_precision": 0.05974779030497342
    },
    "dash": {
        "knn_scores": {
            "5": 0.7093425393104553,
            "10": 0.6920415163040161,
            "50": 0.6297577619552612,
            "100": 0.5986159443855286
        },
        "avg_precision": 0.6633148032038618
    }
}