{
    "model_name": "BCDRBERTBDPos +ACL (cns 0.10)",
    "alignment": 1.3758240938186646,
    "uniformity": -1.3997710943222046,
    "knn_scores": {
        "5": 0.25551724433898926,
        "10": 0.2582758665084839,
        "50": 0.23827585577964783,
        "100": 0.22517241537570953
    }
}