{
    "gdb_holdout": {
        "5": 0.3089999854564667,
        "10": 0.29100000858306885,
        "50": 0.24175000190734863,
        "100": 0.20274999737739563
    }
}