{
    "model_name": "BCDR3BERT",
    "vdjdb": {
        "knn_scores": {
            "5": 0.15689654648303986,
            "10": 0.16172413527965546,
            "50": 0.14620690047740936,
            "100": 0.14241379499435425
        },
        "avg_precision": 0.041354112259408785
    },
    "dash": {
        "knn_scores": {
            "5": 0.6782007217407227,
            "10": 0.6470588445663452,
            "50": 0.6366782188415527,
            "100": 0.5986159443855286
        },
        "avg_precision": 0.5689565586836522
    }
}