{
    "gdb_holdout": {
        "5": 0.2939999997615814,
        "10": 0.29374998807907104,
        "50": 0.23499999940395355,
        "100": 0.21175000071525574
    }
}