{
    "model_name": "CDRBERT +ACL (cdrcns 0.05)",
    "alignment": 1.3347374200820923,
    "uniformity": -1.3739672899246216,
    "knn_scores": {
        "5": 0.23137931525707245,
        "10": 0.23103448748588562,
        "50": 0.22448275983333588,
        "100": 0.2137930989265442
    }
}