{
    "model_name": "CDRBERT +ACL (cdrcns 0.05)",
    "vdjdb": {
        "knn_scores": {
            "5": 0.23137931525707245,
            "10": 0.23103448748588562,
            "50": 0.22448275983333588,
            "100": 0.2137930989265442
        },
        "avg_precision": 0.06918650477141557
    },
    "dash": {
        "knn_scores": {
            "5": 0.6920415163040161,
            "10": 0.6920415163040161,
            "50": 0.6055363416671753,
            "100": 0.5743944644927979
        },
        "avg_precision": 0.6601873471158825
    }
}