{
    "model_name": "EpitopeContrastive_BetaCDR3BERT_SimCLoss_ap_6_128_8_512",
    "alignment": 1.0121184587478638,
    "uniformity": -1.0423552989959717,
    "knn_scores": {
        "5": 0.281521737575531,
        "10": 0.2878260910511017,
        "50": 0.24304348230361938,
        "100": 0.22456522285938263
    }
}