{
    "model_name": "random_embedder_6",
    "alignment": 0.7795440554618835,
    "uniformity": -1.700451374053955
}