{
    "model_name": "CDRBERT +ACL (cns 0.20, cdrcns 0.01, chaincns 0.05)",
    "vdjdb": {
        "knn_scores": {
            "5": 0.24827586114406586,
            "10": 0.2524137794971466,
            "50": 0.23034483194351196,
            "100": 0.21344827115535736
        },
        "avg_precision": 0.06608061469339374
    },
    "dash": {
        "knn_scores": {
            "5": 0.6747404932975769,
            "10": 0.6851211190223694,
            "50": 0.5986159443855286,
            "100": 0.5813148617744446
        },
        "avg_precision": 0.6649229074773405
    }
}