{
    "model_name": "CDRBERT +ACL (cns 0.20, cdrcns 0.01, chaincns 0.05)",
    "vdjdb": {
        "knn_scores": {
            "5": 0.24862068891525269,
            "10": 0.24931034445762634,
            "50": 0.23827585577964783,
            "100": 0.2127586156129837
        },
        "avg_precision": 0.06608061258454342
    },
    "dash": {
        "knn_scores": {
            "5": 0.6782007217407227,
            "10": 0.6851211190223694,
            "50": 0.6055363416671753,
            "100": 0.5813148617744446
        },
        "avg_precision": 0.664922919868212
    }
}