{
    "model_name": "random_embedder_3",
    "alignment": 0.6389647126197815,
    "uniformity": -1.29646635055542
}