{
    "model_name": "random_embedder_3",
    "alignment": 0.11658954620361328,
    "uniformity": -0.1503090262413025,
    "alignment + uniformity": -0.03371948003768921,
    "5nn_accuracy": 0.07124999910593033
}