{
    "model_name": "random_embedder_3",
    "alignment": 0.4403485059738159,
    "uniformity": -1.0796442031860352,
    "5nn_accuracy": 0.7565632462501526
}