{
    "model_name": "random_embedder_3",
    "alignment": 0.15346692502498627,
    "uniformity": -0.2416323721408844,
    "alignment + uniformity": -0.08816544711589813,
    "5nn_accuracy": 0.09208333492279053
}