{
    "model_name": "BCDRBERT +ACL (cns 0.01)",
    "vdjdb": {
        "knn_scores": {
            "5": 0.2568965554237366,
            "10": 0.2537930905818939,
            "50": 0.23724137246608734,
            "100": 0.22413793206214905
        },
        "avg_precision": 0.060479037653666454
    },
    "dash": {
        "knn_scores": {
            "5": 0.6747404932975769,
            "10": 0.6366782188415527,
            "50": 0.6539792418479919,
            "100": 0.5951557159423828
        },
        "avg_precision": 0.6486389918094124
    }
}