{
    "model_name": "cdr3_levenshtein",
    "alignment": 7.936065196990967,
    "uniformity": -6.8745245933532715,
    "knn_scores": {
        "5": 0.26108697056770325,
        "10": 0.2676087021827698,
        "50": 0.21760869026184082,
        "100": 0.19826087355613708
    }
}