{
    "gdb_holdout": {
        "avg_precision": 0.06455787178422707,
        "precisions": [
            0.04976244061015254,
            0.049762446832013855,
            0.04976244001610407,
            0.0497620426856524,
            0.04976235759274056,
            0.04976452339219394,
            0.04977263583453527,
            0.049788523762339464,
            0.04980728617151038,
            0.049870443000237956,
            0.05000777248487659,
            0.05012684153211281,
            0.05029660157858679,
            0.050540751477310734,
            0.0509923289994148,
            0.05182742867971162,
            0.053159245344259025,
            0.05525259272072691,
            0.05876919364689973,
            0.0638479825566412,
            0.07089407113588127,
            0.07902998344472377,
            0.08609872350330365,
            0.0934348700630344,
            0.10334822856411803,
            0.11975754997873246,
            0.1507461730609108,
            0.2067885804499408,
            0.30596010280259456,
            0.4934083601286174,
            0.7616426756985606,
            0.9291005291005291,
            0.9948979591836735,
            1.0
        ],
        "recalls": [
            1.0,
            1.0,
            0.999997487437186,
            0.9999748743718593,
            0.9999120603015076,
            0.9997010050251256,
            0.9990175879396985,
            0.9968643216080402,
            0.9908844221105527,
            0.9778492462311558,
            0.9537763819095477,
            0.9135603015075376,
            0.8582989949748744,
            0.7858718592964824,
            0.691180904522613,
            0.5744924623115578,
            0.44772613065326633,
            0.3298467336683417,
            0.2349899497487437,
            0.1662035175879397,
            0.12228140703517588,
            0.09715326633165829,
            0.08178643216080402,
            0.06979396984924623,
            0.05683165829145729,
            0.04244472361809045,
            0.0295678391959799,
            0.019746231155778893,
            0.01256281407035176,
            0.007711055276381909,
            0.004520100502512563,
            0.0022060301507537687,
            0.000979899497487437,
            0.0
        ]
    }
}