{
    "model_name": "random_embedder_2",
    "alignment": 0.11779222637414932,
    "uniformity": -0.21987345814704895,
    "alignment + uniformity": -0.10208123177289963,
    "5nn_accuracy": 0.07124999910593033
}