{
    "model_name": "random_embedder_2",
    "alignment": 1.10691499710083,
    "uniformity": -2.1925671100616455
}