{
    "model_name": "random_embedder_2",
    "alignment": 0.3710176348686218,
    "uniformity": -1.0162681341171265,
    "5nn_accuracy": 0.7494033575057983
}