{
    "model_name": "random_embedder_9",
    "alignment": 0.508075475692749,
    "uniformity": -1.2213194370269775,
    "5nn_accuracy": 0.680190920829773
}