{
    "model_name": "random_embedder_9",
    "alignment": 0.7388591170310974,
    "uniformity": -1.4791085720062256,
    "5nn_accuracy": 0.7279236316680908
}