{
    "model_name": "random_embedder_9",
    "alignment": 0.8808708190917969,
    "uniformity": -2.072948932647705
}