{
    "model_name": "BCDR3BERT",
    "alignment": 0.9264724850654602,
    "uniformity": -0.938435971736908,
    "knn_scores": {
        "5": 0.1899999976158142,
        "10": 0.18771427869796753,
        "50": 0.16771428287029266,
        "100": 0.14742857217788696
    }
}