{
    "model_name": "BCDR3BERT",
    "alignment": 0.9079490303993225,
    "uniformity": -0.9148695468902588,
    "knn_scores": {
        "5": 0.15689654648303986,
        "10": 0.16172413527965546,
        "50": 0.14620690047740936,
        "100": 0.14241379499435425
    }
}