{
    "model_name": "BCDRBERT +ACL (cdrcns 0.15)",
    "alignment": 1.1810060739517212,
    "uniformity": -1.2086726427078247,
    "knn_scores": {
        "5": 0.24793103337287903,
        "10": 0.2475862056016922,
        "50": 0.22689655423164368,
        "100": 0.2137930989265442
    }
}