{
    "model_name": "BCDRBERT +ACL (cdrcns 0.15)",
    "vdjdb": {
        "knn_scores": {
            "5": 0.2475862056016922,
            "10": 0.25206896662712097,
            "50": 0.22172413766384125,
            "100": 0.2113793045282364
        },
        "avg_precision": 0.06413316243686425
    },
    "dash": {
        "knn_scores": {
            "5": 0.6782007217407227,
            "10": 0.6435986161231995,
            "50": 0.6678200960159302,
            "100": 0.6712802648544312
        },
        "avg_precision": 0.6811884248995982
    }
}