{
    "model_name": "CDR3BERT",
    "alignment": 0.648526668548584,
    "uniformity": -0.6549015045166016,
    "knn_scores": {
        "5": 0.148965522646904,
        "10": 0.16310344636440277,
        "50": 0.1455172449350357,
        "100": 0.12896551191806793
    }
}