{
    "model_name": "BCDRBERT +ACL (tiny)",
    "vdjdb": {
        "knn_scores": {
            "5": 0.20344828069210052,
            "10": 0.2055172473192215,
            "50": 0.19206896424293518,
            "100": 0.17137931287288666
        },
        "avg_precision": 0.052636038422927044
    },
    "dash": {
        "knn_scores": {
            "5": 0.6885812878608704,
            "10": 0.6816608905792236,
            "50": 0.6193771362304688,
            "100": 0.5951557159423828
        },
        "avg_precision": 0.6312466824146281
    }
}