{
    "model_name": "CDRBERT +ACL (cns 0.20, cdrcns 0.01, chaincns 0.20)",
    "vdjdb": {
        "knn_scores": {
            "5": 0.2568965554237366,
            "10": 0.25758621096611023,
            "50": 0.23827585577964783,
            "100": 0.22137930989265442
        },
        "avg_precision": 0.06549614271012562
    },
    "dash": {
        "knn_scores": {
            "5": 0.6782007217407227,
            "10": 0.6539792418479919,
            "50": 0.5986159443855286,
            "100": 0.5778546929359436
        },
        "avg_precision": 0.6619379581135353
    }
}