{
    "model_name": "CDRBERT +ACL (cns 0.20, cdrcns 0.01, chaincns 0.20)",
    "gdb_holdout": {
        "knn_scores": {
            "5": 0.265500009059906,
            "10": 0.2627499997615814,
            "50": 0.22949999570846558,
            "100": 0.21199999749660492
        },
        "avg_precision": 0.062150111675284,
        "svm_performance": {
            "ALRKVPTDNYITTY": {
                "max_acc": 0.8250000476837158,
                "max_valid_acc": 0.7050000429153442
            },
            "ALSKGVHFV": {
                "max_acc": 0.8500000238418579,
                "max_valid_acc": 0.5950000286102295
            },
            "APHGVVFLHVTYV": {
                "max_acc": 0.7799999713897705,
                "max_valid_acc": 0.6150000095367432
            },
            "CINGVCWTV": {
                "max_acc": 0.8999999761581421,
                "max_valid_acc": 0.7850000262260437
            },
            "DATYQRTRALVR": {
                "max_acc": 0.9200000166893005,
                "max_valid_acc": 0.7200000286102295
            },
            "FLCLFLLPSLATV": {
                "max_acc": 0.7599999904632568,
                "max_valid_acc": 0.6200000047683716
            },
            "KLNDLCFTNVYADSFVIR": {
                "max_acc": 0.75,
                "max_valid_acc": 0.5249999761581421
            },
            "LITGRLQSLQTYV": {
                "max_acc": 0.7749999761581421,
                "max_valid_acc": 0.625
            },
            "LITLATCELYHYQECV": {
                "max_acc": 0.800000011920929,
                "max_valid_acc": 0.625
            },
            "LLLGIGILV": {
                "max_acc": 0.925000011920929,
                "max_valid_acc": 0.8250000476837158
            },
            "LTDEMIAQY": {
                "max_acc": 0.7950000166893005,
                "max_valid_acc": 0.7300000190734863
            },
            "NQKLIANQF": {
                "max_acc": 0.8450000286102295,
                "max_valid_acc": 0.6200000047683716
            },
            "NRDVDTDFVNEFYAY": {
                "max_acc": 0.8050000071525574,
                "max_valid_acc": 0.6650000214576721
            },
            "RNPANNAAIVL": {
                "max_acc": 0.7649999856948853,
                "max_valid_acc": 0.5900000333786011
            },
            "SEVGPEHSLAEY": {
                "max_acc": 0.800000011920929,
                "max_valid_acc": 0.690000057220459
            },
            "SEYKGPITDVFYKENSY": {
                "max_acc": 0.7749999761581421,
                "max_valid_acc": 0.5850000381469727
            },
            "SPFHPLADNKFAL": {
                "max_acc": 0.7950000166893005,
                "max_valid_acc": 0.625
            },
            "TPINLVRDL": {
                "max_acc": 0.8149999976158142,
                "max_valid_acc": 0.7000000476837158
            },
            "YLDAYNMMI": {
                "max_acc": 0.7950000166893005,
                "max_valid_acc": 0.6100000143051147
            },
            "YVVDDPCPIHFY": {
                "max_acc": 0.7400000095367432,
                "max_valid_acc": 0.6399999856948853
            }
        }
    }
}