{
    "model_name": "tcrdist",
    "vdjdb": {
        "knn_scores": {
            "5": 0.47785714268684387,
            "10": 0.45500001311302185,
            "50": 0.4057142734527588,
            "100": 0.35285714268684387
        },
        "avg_precision": 0.16135021767942584
    },
    "dash": {
        "knn_scores": {
            "5": 0.8048192858695984,
            "10": 0.8024096488952637,
            "50": 0.7614457607269287,
            "100": 0.759036123752594
        },
        "avg_precision": 0.7863090749684762
    }
}