{
    "model_name": "BCDRBERT (small)",
    "vdjdb": {
        "knn_scores": {
            "5": 0.21965517103672028,
            "10": 0.21689654886722565,
            "50": 0.21482758224010468,
            "100": 0.20586207509040833
        },
        "avg_precision": 0.061360208581823075
    },
    "dash": {
        "knn_scores": {
            "5": 0.7266436219215393,
            "10": 0.6920415163040161,
            "50": 0.5882353186607361,
            "100": 0.5813148617744446
        },
        "avg_precision": 0.6476551087309504
    }
}