{
    "model_name": "BCDRBERT +ECL",
    "vdjdb": {
        "knn_scores": {
            "5": 0.25,
            "10": 0.2510344684123993,
            "50": 0.228275865316391,
            "100": 0.2234482765197754
        },
        "avg_precision": 0.053342279892581196
    },
    "dash": {
        "knn_scores": {
            "5": 0.6955017447471619,
            "10": 0.6678200960159302,
            "50": 0.6159169673919678,
            "100": 0.5813148617744446
        },
        "avg_precision": 0.648931023574976
    }
}