{
    "model_name": "BCDRBERT +ECL",
    "vdjdb": {
        "knn_scores": {
            "5": 0.25172412395477295,
            "10": 0.24793103337287903,
            "50": 0.23172414302825928,
            "100": 0.2175862044095993
        },
        "avg_precision": 0.04639684642328513
    },
    "dash": {
        "knn_scores": {
            "5": 0.7128027677536011,
            "10": 0.6782007217407227,
            "50": 0.6574394702911377,
            "100": 0.5882353186607361
        },
        "avg_precision": 0.6255299864131936
    }
}