{
    "model_name": "tcrdist",
    "gdb_holdout": {
        "knn_scores": {
            "5": 0.3089999854564667,
            "10": 0.29100000858306885,
            "50": 0.24175000190734863,
            "100": 0.20274999737739563
        },
        "avg_precision": 0.06743374449810502,
        "svm_performance": {}
    }
}