{
    "model_name": "tcrdist",
    "vdjdb": {
        "knn_scores": {
            "5": 0.252845823764801,
            "10": 0.24629183113574982,
            "50": 0.2397378385066986,
            "100": 0.2193859964609146
        },
        "avg_precision": 0.06452330569754554
    },
    "dash": {
        "knn_scores": {
            "5": 0.7128027677536011,
            "10": 0.7301037907600403,
            "50": 0.6678200960159302,
            "100": 0.6435986161231995
        },
        "avg_precision": 0.6824977601606521
    }
}