{
    "model_name": "BCDRBERT +ACL (cdrcns 0.05)",
    "alignment": 1.2227131128311157,
    "uniformity": -1.2511138916015625,
    "knn_scores": {
        "5": 0.2475862056016922,
        "10": 0.24344827234745026,
        "50": 0.2248275876045227,
        "100": 0.21827585995197296
    }
}