{
    "model_name": "BCDRBERT +ACL (cdrcns 0.05)",
    "vdjdb": {
        "knn_scores": {
            "5": 0.24965517222881317,
            "10": 0.24241378903388977,
            "50": 0.22758620977401733,
            "100": 0.21827585995197296
        },
        "avg_precision": 0.06602850636304523
    },
    "dash": {
        "knn_scores": {
            "5": 0.6643598675727844,
            "10": 0.6885812878608704,
            "50": 0.6678200960159302,
            "100": 0.6747404932975769
        },
        "avg_precision": 0.6828367472644356
    }
}