{
    "model_name": "BetaCDR3BERT_a_6_128_8_512-embed_5",
    "alignment": 0.8473060727119446,
    "uniformity": -0.8818390369415283,
    "alignment + uniformity": -0.03453296422958374,
    "5nn_accuracy": 0.2047826051712036
}