{
    "model_name": "BetaCDR3BERT_a_6_128_8_512-embed_5",
    "alignment": 0.8473060727119446,
    "uniformity": -0.8818390369415283,
    "knn_scores": {
        "5": 0.2036956548690796,
        "10": 0.19652174413204193,
        "50": 0.16543477773666382,
        "100": 0.15608695149421692
    },
    "mlm": {
        "top1_acc": 0.3415407746701464,
        "top5_acc": 0.7331390613498745
    }
}