{
    "model_name": "BCDRBERT +ACL (cns 0.05, cdrcns 0.01)",
    "vdjdb": {
        "knn_scores": {
            "5": 0.2544827461242676,
            "10": 0.25310343503952026,
            "50": 0.23620688915252686,
            "100": 0.21965517103672028
        },
        "avg_precision": 0.06800417392245921
    },
    "dash": {
        "knn_scores": {
            "5": 0.6712802648544312,
            "10": 0.6885812878608704,
            "50": 0.6470588445663452,
            "100": 0.612456738948822
        },
        "avg_precision": 0.663790171736975
    }
}