{
    "model_name": "BCDR3BERT (BD pos)",
    "alignment": 1.0147770643234253,
    "uniformity": -1.0200191736221313,
    "knn_scores": {
        "5": 0.1465517282485962,
        "10": 0.1527586281299591,
        "50": 0.1417241394519806,
        "100": 0.136896550655365
    }
}