{
    "model_name": "BCDR3BERT (BD pos)",
    "vdjdb": {
        "knn_scores": {
            "5": 0.14689655601978302,
            "10": 0.15103448927402496,
            "50": 0.14275862276554108,
            "100": 0.13862068951129913
        },
        "avg_precision": 0.04110816197271745
    },
    "dash": {
        "knn_scores": {
            "5": 0.6747404932975769,
            "10": 0.6955017447471619,
            "50": 0.6228373646736145,
            "100": 0.5882353186607361
        },
        "avg_precision": 0.5818610192760028
    }
}