{
    "model_name": "atchley_embedder",
    "alignment": 0.8356414437294006,
    "uniformity": -0.7808874249458313,
    "knn_scores": {
        "5": 0.10369565337896347,
        "10": 0.09913043677806854,
        "50": 0.09130434691905975,
        "100": 0.0895652174949646
    }
}