{
    "model_name": "CDR3BERT_cp_6_128_8_512-embed_5",
    "alignment": 0.31886330246925354,
    "uniformity": -0.6649390459060669,
    "5nn_accuracy": 0.5727923512458801
}