{
    "model_name": "CDRBERT +ACL (chaincns 0.05)",
    "alignment": 1.245213508605957,
    "uniformity": -1.2660601139068604,
    "knn_scores": {
        "5": 0.24793103337287903,
        "10": 0.2558620572090149,
        "50": 0.2344827651977539,
        "100": 0.21655172109603882
    }
}