{
    "model_name": "CDRBERT +ACL (chaincns 0.05)",
    "vdjdb": {
        "knn_scores": {
            "5": 0.24793103337287903,
            "10": 0.2558620572090149,
            "50": 0.2344827651977539,
            "100": 0.21655172109603882
        },
        "avg_precision": 0.0633343001462931
    },
    "dash": {
        "knn_scores": {
            "5": 0.7024221420288086,
            "10": 0.6574394702911377,
            "50": 0.633217990398407,
            "100": 0.6193771362304688
        },
        "avg_precision": 0.6634722616448746
    }
}