{
    "model_name": "random_embedder_8",
    "alignment": 0.42424842715263367,
    "uniformity": -1.0232237577438354
}