{
    "model_name": "BCDRBERTBDPos +ACL (cns 0.01)",
    "alignment": 1.3802828788757324,
    "uniformity": -1.40019690990448,
    "knn_scores": {
        "5": 0.24724137783050537,
        "10": 0.24482758343219757,
        "50": 0.22758620977401733,
        "100": 0.2199999988079071
    }
}