{
    "gdb_holdout": {
        "avg_precision": 0.05645294054726983,
        "precisions": [
            0.04976244061015254,
            0.049762446832013855,
            0.04976242135048299,
            0.049761810688886,
            0.049761530883945033,
            0.04976465847400838,
            0.04977124200592209,
            0.04977637162331934,
            0.04978669096895104,
            0.04982398511850865,
            0.04995454576578805,
            0.050147183712175664,
            0.05058645715519228,
            0.05160340625386737,
            0.05389192493907558,
            0.057969864047891895,
            0.06474369812171421,
            0.08090218922338673,
            0.1323072369394702,
            0.31589871315898715,
            0.7262443438914027,
            0.9803439803439803,
            1.0
        ],
        "recalls": [
            1.0,
            1.0,
            0.999997487437186,
            0.9999673366834171,
            0.9998894472361809,
            0.9997462311557789,
            0.9992713567839197,
            0.9974949748743719,
            0.9921331658291457,
            0.9760829145728643,
            0.9348467336683417,
            0.8458291457286432,
            0.6983190954773869,
            0.5070778894472362,
            0.3180452261306533,
            0.17247738693467338,
            0.080821608040201,
            0.03405778894472362,
            0.013477386934673367,
            0.005736180904522613,
            0.002419597989949749,
            0.0010025125628140704,
            0.0
        ]
    }
}