{
    "model_name": "BCDR3BERT -pos",
    "alignment": 0.895612359046936,
    "uniformity": -0.8966968059539795,
    "knn_scores": {
        "5": 0.11862068623304367,
        "10": 0.11862068623304367,
        "50": 0.11034482717514038,
        "100": 0.11137931048870087
    }
}