{
    "model_name": "BCDRBERT +ECL (cns 0.20, cdrcns 0.01)",
    "vdjdb": {
        "knn_scores": {
            "5": 0.2544827461242676,
            "10": 0.24482758343219757,
            "50": 0.22551724314689636,
            "100": 0.20862068235874176
        },
        "avg_precision": 0.05435782092291549
    },
    "dash": {
        "knn_scores": {
            "5": 0.6782007217407227,
            "10": 0.7058823704719543,
            "50": 0.6574394702911377,
            "100": 0.6159169673919678
        },
        "avg_precision": 0.6420623662719633
    }
}