{
    "model_name": "CDR3 Levenshtein",
    "alignment": 8.460404396057129,
    "uniformity": -6.878150463104248,
    "knn_scores": {
        "5": 0.17241379618644714,
        "10": 0.17275862395763397,
        "50": 0.15344826877117157,
        "100": 0.14379310607910156
    }
}