{
    "model_name": "BCDR3BERT -pos",
    "alignment": 0.8910519480705261,
    "uniformity": -0.8971044421195984,
    "knn_scores": {
        "5": 0.1485714316368103,
        "10": 0.15000000596046448,
        "50": 0.1257142871618271,
        "100": 0.11599999666213989
    }
}