{
    "model_name": "CDRBERT +ACL (cns 0.20, cdrcns 0.01, chaincns 0.10)",
    "vdjdb": {
        "knn_scores": {
            "5": 0.2537930905818939,
            "10": 0.2534482777118683,
            "50": 0.2393103390932083,
            "100": 0.22551724314689636
        },
        "avg_precision": 0.0676535440300809
    },
    "dash": {
        "knn_scores": {
            "5": 0.6782007217407227,
            "10": 0.6747404932975769,
            "50": 0.6228373646736145,
            "100": 0.5778546929359436
        },
        "avg_precision": 0.6647483247587928
    }
}