{
    "model_name": "BCDRBERT +ACL (SimCL2 cns 0.10)",
    "alignment": 1.3920613527297974,
    "uniformity": -1.4080268144607544,
    "knn_scores": {
        "5": 0.2475862056016922,
        "10": 0.25275862216949463,
        "50": 0.23103448748588562,
        "100": 0.22068965435028076
    }
}