{
    "model_name": "CDRBERT",
    "alignment": 0.7545483708381653,
    "uniformity": -0.7796819806098938,
    "knn_scores": {
        "5": 0.20379310846328735,
        "10": 0.21068964898586273,
        "50": 0.2224137932062149,
        "100": 0.20655173063278198
    }
}