{
    "model_name": "CDRBERT",
    "vdjdb": {
        "knn_scores": {
            "5": 0.20379310846328735,
            "10": 0.21068964898586273,
            "50": 0.2224137932062149,
            "100": 0.20655173063278198
        },
        "avg_precision": 0.05735557924920022
    },
    "dash": {
        "knn_scores": {
            "5": 0.7508650422096252,
            "10": 0.6955017447471619,
            "50": 0.633217990398407,
            "100": 0.6159169673919678
        },
        "avg_precision": 0.657381233858105
    }
}