{
    "model_name": "CDR3BERT_c_6_128_8_512-embed_2",
    "alignment": 0.4681851863861084,
    "uniformity": -0.9417175054550171,
    "5nn_accuracy": 0.5871121883392334
}