{
    "model_name": "CDR3BERT_c_6_128_8_512-embed_2",
    "alignment": 0.5701178908348083,
    "uniformity": -1.1497178077697754,
    "5nn_accuracy": 0.5680190920829773
}