{
    "model_name": "BCDRBERT +ACL (small, double censoring)",
    "mlm_summary": {
        "acc": 0.849723270815363,
        "cdr1_acc": 0.9975144809727783,
        "cdr2_acc": 0.999841619105046,
        "cdr3_acc": 0.7313951174856524
    },
    "gdb_holdout": {
        "knn_scores": {
            "5": 0.31025001406669617,
            "10": 0.29774999618530273,
            "50": 0.24400000274181366,
            "100": 0.20874999463558197
        },
        "avg_precision": 0.06998172825278862,
        "svm_performance": {
            "ALRKVPTDNYITTY": {
                "max_acc": 0.800000011920929,
                "max_valid_acc": 0.7150000333786011
            },
            "ALSKGVHFV": {
                "max_acc": 0.7900000214576721,
                "max_valid_acc": 0.6950000524520874
            },
            "APHGVVFLHVTYV": {
                "max_acc": 0.7599999904632568,
                "max_valid_acc": 0.675000011920929
            },
            "CINGVCWTV": {
                "max_acc": 0.7150000333786011,
                "max_valid_acc": 0.6650000214576721
            },
            "DATYQRTRALVR": {
                "max_acc": 0.8050000071525574,
                "max_valid_acc": 0.6800000071525574
            },
            "FLCLFLLPSLATV": {
                "max_acc": 0.7250000238418579,
                "max_valid_acc": 0.5649999976158142
            },
            "KLNDLCFTNVYADSFVIR": {
                "max_acc": 0.7599999904632568,
                "max_valid_acc": 0.5950000286102295
            },
            "LITGRLQSLQTYV": {
                "max_acc": 0.7599999904632568,
                "max_valid_acc": 0.6549999713897705
            },
            "LITLATCELYHYQECV": {
                "max_acc": 0.8500000238418579,
                "max_valid_acc": 0.7599999904632568
            },
            "LLLGIGILV": {
                "max_acc": 0.75,
                "max_valid_acc": 0.6850000023841858
            },
            "LTDEMIAQY": {
                "max_acc": 0.8100000023841858,
                "max_valid_acc": 0.6000000238418579
            },
            "NQKLIANQF": {
                "max_acc": 0.7699999809265137,
                "max_valid_acc": 0.6950000524520874
            },
            "NRDVDTDFVNEFYAY": {
                "max_acc": 0.8350000381469727,
                "max_valid_acc": 0.7350000143051147
            },
            "RNPANNAAIVL": {
                "max_acc": 0.7699999809265137,
                "max_valid_acc": 0.5600000023841858
            },
            "SEVGPEHSLAEY": {
                "max_acc": 0.8149999976158142,
                "max_valid_acc": 0.7450000047683716
            },
            "SEYKGPITDVFYKENSY": {
                "max_acc": 0.7900000214576721,
                "max_valid_acc": 0.6600000262260437
            },
            "SPFHPLADNKFAL": {
                "max_acc": 0.7699999809265137,
                "max_valid_acc": 0.6100000143051147
            },
            "TPINLVRDL": {
                "max_acc": 0.7649999856948853,
                "max_valid_acc": 0.6399999856948853
            },
            "YLDAYNMMI": {
                "max_acc": 0.7649999856948853,
                "max_valid_acc": 0.6850000023841858
            },
            "YVVDDPCPIHFY": {
                "max_acc": 0.7850000262260437,
                "max_valid_acc": 0.6499999761581421
            }
        }
    }
}