{
    "model_name": "BCDRBERT +ACL (cdrcns 0.05)",
    "alignment": 1.2823063135147095,
    "uniformity": -1.3138998746871948,
    "knn_scores": {
        "5": 0.2393103390932083,
        "10": 0.24448275566101074,
        "50": 0.2344827651977539,
        "100": 0.2224137932062149
    }
}