{
    "model_name": "CDR3BERT_c_6_128_8_512-embed_4",
    "alignment": 0.5758460164070129,
    "uniformity": -1.2046644687652588,
    "5nn_accuracy": 0.5560859441757202
}