{
    "model_name": "cdrb_levenshtein",
    "gdb_holdout": {
        "knn_scores": {
            "5": 0.29225000739097595,
            "10": 0.27399998903274536,
            "50": 0.23000000417232513,
            "100": 0.19349999725818634
        },
        "avg_precision": 0.06455787178422707,
        "svm_performance": {}
    }
}