{
    "model_name": "BCDRBERTBDPos +ACL (cdrcns 0.20)",
    "vdjdb": {
        "knn_scores": {
            "5": 0.2465517222881317,
            "10": 0.2475862056016922,
            "50": 0.23586207628250122,
            "100": 0.21689654886722565
        },
        "avg_precision": 0.06404345748473048
    },
    "dash": {
        "knn_scores": {
            "5": 0.6885812878608704,
            "10": 0.6851211190223694,
            "50": 0.6505190134048462,
            "100": 0.6262975931167603
        },
        "avg_precision": 0.6706534285152869
    }
}