{
    "model_name": "BCDRBERTBDPos +ACL (cdrcns 0.20)",
    "vdjdb": {
        "knn_scores": {
            "5": 0.24862068891525269,
            "10": 0.24931034445762634,
            "50": 0.2306896597146988,
            "100": 0.2103448212146759
        },
        "avg_precision": 0.06356460992539104
    },
    "dash": {
        "knn_scores": {
            "5": 0.6885812878608704,
            "10": 0.6920415163040161,
            "50": 0.6574394702911377,
            "100": 0.6435986161231995
        },
        "avg_precision": 0.6796704794809514
    }
}