{
    "model_name": "random_embedder_5",
    "alignment": 0.5504042506217957,
    "uniformity": -1.3021522760391235,
    "5nn_accuracy": 0.7780429720878601
}