{
    "model_name": "random_embedder_5",
    "alignment": 0.5814608335494995,
    "uniformity": -1.3585970401763916
}