{
    "model_name": "CDR3BERT_c_6_128_8_512-embed_1",
    "alignment": 0.41916972398757935,
    "uniformity": -0.8239078521728516,
    "5nn_accuracy": 0.5465393662452698
}