{
    "model_name": "BCDRBERT +ACL (cdrcns 0.15)",
    "alignment": 1.2246026992797852,
    "uniformity": -1.2546888589859009,
    "knn_scores": {
        "5": 0.24586206674575806,
        "10": 0.24448275566101074,
        "50": 0.22931034862995148,
        "100": 0.21413792669773102
    }
}