{
    "bg_dist_pdf": {
        "densities": [
            3.187267186317381e-08,
            7.768963766648615e-08,
            5.916364714601638e-07,
            3.904402303238792e-07,
            7.551831189580744e-06,
            9.761005758096978e-07,
            1.1986116662544801e-05,
            4.06456247935124e-05,
            2.0456279210183242e-05,
            0.000166480925351314,
            8.959009652339866e-05,
            0.00013762818914717594,
            0.00041278496534195543,
            0.000511096221703915,
            0.0007842529877392804,
            0.0006452662259539367,
            0.002000181475025421,
            0.0009379868363873162,
            0.0022038358959791528,
            0.003152769003109478,
            0.0030927866267049763,
            0.005360640776163305,
            0.005576020356278702,
            0.007529103982500309,
            0.010024979210551767,
            0.011408285042085372,
            0.013372334859469905,
            0.014804475600423868,
            0.01668597718972477,
            0.016638409219010972,
            0.015199587169217692,
            0.014506497991175055,
            0.013213600985423332,
            0.010443855840303572,
            0.008279960386252958,
            0.006797532537266873,
            0.004532184376633786,
            0.003700395290852573,
            0.0024895265902247113,
            0.001554027814284714,
            0.001332379278022229,
            0.0007555157899706462,
            0.0005122177413451005,
            0.0003765517135595011,
            0.00023211273284356326,
            0.000160367348479559,
            0.00010131525568506374,
            7.091470285357027e-05,
            4.176913647668928e-05,
            2.998023197129786e-05,
            1.839849983301708e-05,
            1.1012008128726549e-05,
            9.059806977107154e-06,
            4.890463089005731e-06,
            3.278901117924005e-06,
            2.5219251611736274e-06,
            1.4322781918513732e-06,
            8.625541822971411e-07,
            4.3426515413574315e-07,
            2.2310870304221662e-07
        ],
        "bins": [
            0,
            5,
            10,
            15,
            20,
            25,
            30,
            35,
            40,
            45,
            50,
            55,
            60,
            65,
            70,
            75,
            80,
            85,
            90,
            95,
            100,
            105,
            110,
            115,
            120,
            125,
            130,
            135,
            140,
            145,
            150,
            155,
            160,
            165,
            170,
            175,
            180,
            185,
            190,
            195,
            200,
            205,
            210,
            215,
            220,
            225,
            230,
            235,
            240,
            245,
            250,
            255,
            260,
            265,
            270,
            275,
            280,
            285,
            290,
            295,
            300
        ]
    },
    "bg_dist_cdf": {
        "x_coords": [
            0,
            5,
            10,
            15,
            20,
            25,
            30,
            35,
            40,
            45,
            50,
            55,
            60,
            65,
            70,
            75,
            80,
            85,
            90,
            95,
            100,
            105,
            110,
            115,
            120,
            125,
            130,
            135,
            140,
            145,
            150,
            155,
            160,
            165,
            170,
            175,
            180,
            185,
            190,
            195,
            200,
            205,
            210,
            215,
            220,
            225,
            230,
            235,
            240,
            245,
            250,
            255,
            260,
            265,
            270,
            275,
            280,
            285,
            290,
            295,
            300
        ],
        "y_coords": [
            1.5936334344294542e-07,
            1.5936334344294542e-07,
            5.47811493085125e-07,
            3.7450385709092175e-06,
            5.458194512920881e-06,
            4.3356789625446344e-05,
            6.612582731985717e-05,
            0.00010826747145155106,
            0.00031522069333014607,
            0.0006089372955044597,
            0.0012473269289189686,
            0.0017090523359180076,
            0.003993655346889178,
            0.004481964551616293,
            0.007101300305280405,
            0.011684679704580201,
            0.014534972783729002,
            0.024916428866677623,
            0.031444558986847546,
            0.04136723788465082,
            0.05838276087032306,
            0.07716459743325416,
            0.10182830591785816,
            0.13211722169931125,
            0.1746787583603504,
            0.22472725461780188,
            0.28163809580725,
            0.35155847389678235,
            0.4304028207311789,
            0.5099343024616656,
            0.5909190185210086,
            0.6712759027684401,
            0.7392596676278268,
            0.8045613673374867,
            0.8553280743429997,
            0.8925074228457313,
            0.9266270051145673,
            0.9480643130692882,
            0.9636252969387298,
            0.9755396092610022,
            0.9834781248910602,
            0.9889811503045334,
            0.9926133795487029,
            0.9951923764560581,
            0.9967640476297193,
            0.997928764585481,
            0.9986585490963601,
            0.9990915193800766,
            0.9994454554056544,
            0.9996288826139572,
            0.9997570406227123,
            0.9998435350773659,
            0.999897858057062,
            0.9999361351401153,
            0.9999592826657503,
            0.9999763146230808,
            0.999986563678106,
            0.9999939342327402,
            0.9999974601467139,
            0.9999988944168049,
            0.9999999003979103
        ]
    },