{
    "model_name": "CDR3BERT_c_6_128_8_512-embed_5",
    "alignment": 0.3934662342071533,
    "uniformity": -0.8570057153701782,
    "5nn_accuracy": 0.5727923512458801
}