{
    "model_name": "CDR3BERT_c_6_128_8_512-embed_5",
    "alignment": 0.45911404490470886,
    "uniformity": -0.9408227801322937,
    "5nn_accuracy": 0.5417661070823669
}