{
    "model_name": "AutoContrastive_BetaCDR3BERT_NoCLS_SimCLoss_ap_6_128_8_512-embed_5",
    "alignment": 1.3482102155685425,
    "uniformity": -1.3930529356002808,
    "knn_scores": {
        "5": 0.2908695638179779,
        "10": 0.2878260910511017,
        "50": 0.2495652139186859,
        "100": 0.22869564592838287
    }
}