{
    "model_name": "atchley_embedder",
    "alignment": 0.88045734167099,
    "uniformity": -1.691870927810669
}