{
    "model_name": "atchley_embedder",
    "alignment": 0.9553401470184326,
    "uniformity": -0.9898841381072998,
    "alignment + uniformity": -0.03454399108886719,
    "5nn_accuracy": 0.385869562625885
}