{
    "model_name": "BCDRBERT +ACL (cdrcns 0.01)",
    "alignment": 1.3492473363876343,
    "uniformity": -1.3769381046295166,
    "knn_scores": {
        "5": 0.25206896662712097,
        "10": 0.24931034445762634,
        "50": 0.2331034541130066,
        "100": 0.21655172109603882
    }
}