{
    "model_name": "random_embedder_0",
    "alignment": 0.1208716407418251,
    "uniformity": -0.19887807965278625,
    "alignment + uniformity": -0.07800643891096115,
    "5nn_accuracy": 0.46195653080940247
}