{
    "model_name": "random_embedder_0",
    "alignment": 0.2518089711666107,
    "uniformity": -0.48003628849983215,
    "alignment + uniformity": -0.22822731733322144,
    "5nn_accuracy": 0.07270833104848862
}