{
    "model_name": "random_embedder_0",
    "alignment": 1.0902225971221924,
    "uniformity": -2.022780179977417
}