{
    "model_name": "random_embedder_0",
    "alignment": 0.13328056037425995,
    "uniformity": -0.1681279093027115,
    "alignment + uniformity": -0.03484734892845154,
    "5nn_accuracy": 0.0754166692495346
}