{
    "model_name": "random_embedder_0",
    "alignment": 0.7177993059158325,
    "uniformity": -1.599363088607788,
    "5nn_accuracy": 0.7398567795753479
}