{
    "model_name": "BCDRBERTBDPos +ACL (cns 0.10)",
    "vdjdb": {
        "knn_scores": {
            "5": 0.2558620572090149,
            "10": 0.25896552205085754,
            "50": 0.24137930572032928,
            "100": 0.22206896543502808
        },
        "avg_precision": 0.06502639236519248
    },
    "dash": {
        "knn_scores": {
            "5": 0.6816608905792236,
            "10": 0.7024221420288086,
            "50": 0.6539792418479919,
            "100": 0.5778546929359436
        },
        "avg_precision": 0.6710570107205217
    }
}