{
    "model_name": "BCDRBERT",
    "alignment": 0.8003628849983215,
    "uniformity": -0.8280990123748779,
    "knn_scores": {
        "5": 0.21241378784179688,
        "10": 0.2175862044095993,
        "50": 0.22068965435028076,
        "100": 0.2079310417175293
    }
}