{
    "model_name": "SupSimCTE_CDR3BERT_cp_6_128_8_512",
    "alignment": 0.13685274124145508,
    "uniformity": -0.33048245310783386,
    "5nn_accuracy": 0.7804296016693115
}