{
    "model_name": "AutoContrastive_CDR3BERT_SimCLoss_acp_6_128_8_512",
    "alignment": 1.3464851379394531,
    "uniformity": -1.3951976299285889,
    "knn_scores": {
        "5": 0.29608696699142456,
        "10": 0.2956521809101105,
        "50": 0.2563043534755707,
        "100": 0.23586957156658173
    }
}