{
    "model_name": "BCDR3BERT +ACL (cns)",
    "alignment": 1.3863016366958618,
    "uniformity": -1.3993076086044312,
    "knn_scores": {
        "5": 0.21310344338417053,
        "10": 0.22068965435028076,
        "50": 0.19448275864124298,
        "100": 0.1827586144208908
    }
}