{
    "model_name": "BCDRBERT +ECL (strict)",
    "vdjdb": {
        "knn_scores": {
            "5": 0.2475862056016922,
            "10": 0.24793103337287903,
            "50": 0.2234482765197754,
            "100": 0.21448275446891785
        },
        "avg_precision": 0.044613101797167314
    },
    "dash": {
        "knn_scores": {
            "5": 0.7128027677536011,
            "10": 0.6747404932975769,
            "50": 0.633217990398407,
            "100": 0.5986159443855286
        },
        "avg_precision": 0.62107621216383
    }
}