{
    "model_name": "BCDR3BERT +ACL (BD Pos)",
    "alignment": 1.3891541957855225,
    "uniformity": -1.4023327827453613,
    "knn_scores": {
        "5": 0.20827586948871613,
        "10": 0.21896551549434662,
        "50": 0.1934482753276825,
        "100": 0.18655171990394592
    }
}