{
    "model_name": "BCDRBERTBDPos +ACL (cdrcns 0.15)",
    "vdjdb": {
        "knn_scores": {
            "5": 0.24620689451694489,
            "10": 0.24931034445762634,
            "50": 0.22931034862995148,
            "100": 0.21931034326553345
        },
        "avg_precision": 0.06312990257701102
    },
    "dash": {
        "knn_scores": {
            "5": 0.6885812878608704,
            "10": 0.6712802648544312,
            "50": 0.6228373646736145,
            "100": 0.6228373646736145
        },
        "avg_precision": 0.665535749209557
    }
}