{
    "model_name": "BCDRBERT +ACL",
    "mlm_summary": {
        "acc": 0.851250473478663,
        "cdr1_acc": 0.9975179953674698,
        "cdr2_acc": 1.0,
        "cdr3_acc": 0.7365721257602822
    },
    "gdb_holdout": {
        "knn_scores": {
            "5": 0.2955000102519989,
            "10": 0.2865000069141388,
            "50": 0.24549999833106995,
            "100": 0.23399999737739563
        },
        "avg_precision": 0.0672952313356863,
        "svm_performance": {
            "ALRKVPTDNYITTY": {
                "max_acc": 0.8550000190734863,
                "max_valid_acc": 0.7000000476837158
            },
            "ALSKGVHFV": {
                "max_acc": 0.8650000095367432,
                "max_valid_acc": 0.7450000047683716
            },
            "APHGVVFLHVTYV": {
                "max_acc": 0.8650000095367432,
                "max_valid_acc": 0.6150000095367432
            },
            "CINGVCWTV": {
                "max_acc": 0.8450000286102295,
                "max_valid_acc": 0.6700000166893005
            },
            "DATYQRTRALVR": {
                "max_acc": 0.8999999761581421,
                "max_valid_acc": 0.7200000286102295
            },
            "FLCLFLLPSLATV": {
                "max_acc": 0.8350000381469727,
                "max_valid_acc": 0.6899999976158142
            },
            "KLNDLCFTNVYADSFVIR": {
                "max_acc": 0.7850000262260437,
                "max_valid_acc": 0.6000000238418579
            },
            "LITGRLQSLQTYV": {
                "max_acc": 0.8500000238418579,
                "max_valid_acc": 0.6499999761581421
            },
            "LITLATCELYHYQECV": {
                "max_acc": 0.8250000476837158,
                "max_valid_acc": 0.7050000429153442
            },
            "LLLGIGILV": {
                "max_acc": 0.8100000023841858,
                "max_valid_acc": 0.6650000214576721
            },
            "LTDEMIAQY": {
                "max_acc": 0.8350000381469727,
                "max_valid_acc": 0.5800000429153442
            },
            "NQKLIANQF": {
                "max_acc": 0.8300000429153442,
                "max_valid_acc": 0.6349999904632568
            },
            "NRDVDTDFVNEFYAY": {
                "max_acc": 0.8849999904632568,
                "max_valid_acc": 0.7849999666213989
            },
            "RNPANNAAIVL": {
                "max_acc": 0.8200000524520874,
                "max_valid_acc": 0.6000000238418579
            },
            "SEVGPEHSLAEY": {
                "max_acc": 0.8200000524520874,
                "max_valid_acc": 0.6499999761581421
            },
            "SEYKGPITDVFYKENSY": {
                "max_acc": 0.8500000238418579,
                "max_valid_acc": 0.6150000095367432
            },
            "SPFHPLADNKFAL": {
                "max_acc": 0.8650000095367432,
                "max_valid_acc": 0.6650000214576721
            },
            "TPINLVRDL": {
                "max_acc": 0.8400000333786011,
                "max_valid_acc": 0.7100000381469727
            },
            "YLDAYNMMI": {
                "max_acc": 0.8250000476837158,
                "max_valid_acc": 0.6150000095367432
            },
            "YVVDDPCPIHFY": {
                "max_acc": 0.8300000429153442,
                "max_valid_acc": 0.6299999952316284
            }
        }
    }
}