{
    "model_name": "BCDRBERT +ACL",
    "vdjdb": {
        "knn_scores": {
            "5": 0.24137930572032928,
            "10": 0.25517240166664124,
            "50": 0.22896552085876465,
            "100": 0.2258620709180832
        },
        "avg_precision": 0.05682900987078609
    },
    "dash": {
        "knn_scores": {
            "5": 0.6920415163040161,
            "10": 0.6678200960159302,
            "50": 0.6297577619552612,
            "100": 0.5986159443855286
        },
        "avg_precision": 0.6477597420463044
    }
}