{
    "model_name": "BCDRBERT +ACL (cdrcns 0.10)",
    "alignment": 1.1986206769943237,
    "uniformity": -1.2264597415924072,
    "knn_scores": {
        "5": 0.25068965554237366,
        "10": 0.2451724112033844,
        "50": 0.22448275983333588,
        "100": 0.2103448212146759
    }
}