{
    "model_name": "BCDRBERT +ACL (cdrcns 0.10)",
    "alignment": 1.2439310550689697,
    "uniformity": -1.274302363395691,
    "knn_scores": {
        "5": 0.23827585577964783,
        "10": 0.23827585577964783,
        "50": 0.22862069308757782,
        "100": 0.2175862044095993
    }
}