{
    "model_name": "BCDRBERT +ACL (cdrcns 0.10)",
    "vdjdb": {
        "knn_scores": {
            "5": 0.25172412395477295,
            "10": 0.24448275566101074,
            "50": 0.22379310429096222,
            "100": 0.20965516567230225
        },
        "avg_precision": 0.06458617339900678
    },
    "dash": {
        "knn_scores": {
            "5": 0.6955017447471619,
            "10": 0.6608996391296387,
            "50": 0.6782007217407227,
            "100": 0.6782007217407227
        },
        "avg_precision": 0.6770386333005891
    }
}