{
    "model_name": "BCDRBERTBDPos +ACL (cns 0.05)",
    "alignment": 1.378221869468689,
    "uniformity": -1.4000630378723145,
    "knn_scores": {
        "5": 0.24551723897457123,
        "10": 0.2465517222881317,
        "50": 0.23344828188419342,
        "100": 0.2210344821214676
    }
}