{
    "model_name": "BCDRBERTBDPos +ACL (cns 0.05)",
    "vdjdb": {
        "knn_scores": {
            "5": 0.24620689451694489,
            "10": 0.25172412395477295,
            "50": 0.2331034541130066,
            "100": 0.22172413766384125
        },
        "avg_precision": 0.062474901052765305
    },
    "dash": {
        "knn_scores": {
            "5": 0.7093425393104553,
            "10": 0.6920415163040161,
            "50": 0.6262975931167603,
            "100": 0.5916954874992371
        },
        "avg_precision": 0.6578819522655672
    }
}