{
    "model_name": "BCDRBERT +ACL (SimCL2 cns 0.20)",
    "alignment": 1.3936470746994019,
    "uniformity": -1.4081857204437256,
    "knn_scores": {
        "5": 0.2441379278898239,
        "10": 0.237931028008461,
        "50": 0.22172413766384125,
        "100": 0.2079310417175293
    }
}