{
    "model_name": "UnsupSimCTE_CDR3BERT_cp_6_128_8_512",
    "alignment": 1.5694078207015991,
    "uniformity": -3.435554265975952,
    "5nn_accuracy": 0.801909327507019
}