{
    "model_name": "UnsupSimCTE_CDR3BERT_cp_6_128_8_512",
    "alignment": 1.348723292350769,
    "uniformity": -1.3923299312591553,
    "alignment + uniformity": -0.04360663890838623,
    "5nn_accuracy": 0.3172916769981384
}