{
    "gdb_holdout": {
        "5": 0.25450000166893005,
        "10": 0.23274999856948853,
        "50": 0.2032500058412552,
        "100": 0.18000000715255737
    }
}