{
    "model_name": "BCDRBERTBDPos +ACL (cns 0.15)",
    "alignment": 1.3765228986740112,
    "uniformity": -1.4002958536148071,
    "knn_scores": {
        "5": 0.25034481287002563,
        "10": 0.24689655005931854,
        "50": 0.23137931525707245,
        "100": 0.2258620709180832
    }
}