{
    "model_name": "BCDRBERTBDPos +ACL (cns 0.15)",
    "vdjdb": {
        "knn_scores": {
            "5": 0.2513793110847473,
            "10": 0.25172412395477295,
            "50": 0.23517242074012756,
            "100": 0.22275862097740173
        },
        "avg_precision": 0.06438629783758887
    },
    "dash": {
        "knn_scores": {
            "5": 0.6816608905792236,
            "10": 0.6885812878608704,
            "50": 0.6505190134048462,
            "100": 0.5847750902175903
        },
        "avg_precision": 0.6704846917497664
    }
}