{
    "model_name": "BCDRBERT +ACL (cns 0.01)",
    "alignment": 1.3771333694458008,
    "uniformity": -1.3980921506881714,
    "knn_scores": {
        "5": 0.2568965554237366,
        "10": 0.2537930905818939,
        "50": 0.23724137246608734,
        "100": 0.22413793206214905
    }
}