{
    "model_name": "BCDRBERTBDPos +ACL (cdrcns 0.10)",
    "vdjdb": {
        "knn_scores": {
            "5": 0.24241378903388977,
            "10": 0.24620689451694489,
            "50": 0.22896552085876465,
            "100": 0.21724137663841248
        },
        "avg_precision": 0.06543614645558558
    },
    "dash": {
        "knn_scores": {
            "5": 0.6885812878608704,
            "10": 0.6574394702911377,
            "50": 0.6505190134048462,
            "100": 0.612456738948822
        },
        "avg_precision": 0.6698973337472213
    }
}