{
    "model_name": "AutoContrastive_SimCL_CDR3BERT_cp_6_128_8_512",
    "alignment": 1.3644962310791016,
    "uniformity": -1.404029369354248,
    "alignment + uniformity": -0.039533138275146484,
    "5nn_accuracy": 0.33145833015441895
}