{
    "model_name": "BCDRBERT +ECL (tiny)",
    "vdjdb": {
        "knn_scores": {
            "5": 0.1886206865310669,
            "10": 0.20000000298023224,
            "50": 0.1899999976158142,
            "100": 0.1803448349237442
        },
        "avg_precision": 0.0452606773324762
    },
    "dash": {
        "knn_scores": {
            "5": 0.6885812878608704,
            "10": 0.6747404932975769,
            "50": 0.6262975931167603,
            "100": 0.5813148617744446
        },
        "avg_precision": 0.5861240549828047
    }
}