{
    "model_name": "BCDR3BERT +ACL (cns x2)",
    "alignment": 1.3890422582626343,
    "uniformity": -1.4024642705917358,
    "knn_scores": {
        "5": 0.21206896007061005,
        "10": 0.21586206555366516,
        "50": 0.19275861978530884,
        "100": 0.1837930977344513
    }
}