{
    "gdb_holdout": {
        "avg_precision": 0.058459734752534395,
        "precisions": [
            0.04976244061015254,
            0.04976214521051465,
            0.049762356160553786,
            0.049762330084171295,
            0.04976246696762311,
            0.04976321895678797,
            0.049763234372649554,
            0.04976306043684513,
            0.049762807969492166,
            0.049764433748054664,
            0.04976506186160256,
            0.04976494605628937,
            0.04976530472362392,
            0.04976445927582877,
            0.049764155546247885,
            0.04976443518680351,
            0.04976471687766516,
            0.04976660095376933,
            0.049766599370413486,
            0.0497677330528128,
            0.049767231358320986,
            0.04976450907928424,
            0.04976283418847381,
            0.049764269629508535,
            0.04976563743070465,
            0.04976734080270877,
            0.049769442581589184,
            0.049775590345571365,
            0.04977417661041969,
            0.04978234458816824,
            0.049793690082720665,
            0.049799418021693395,
            0.049798427360470784,
            0.049783607486324544,
            0.049789651214054584,
            0.04980369278685671,
            0.04981266302561923,
            0.049879275220161036,
            0.04990933338622104,
            0.04990983654237682,
            0.049906671713031904,
            0.0500549237913789,
            0.050128932037624786,
            0.05017970054867576,
            0.05018598643712988,
            0.05050082097943552,
            0.05079216413749679,
            0.050965508370937516,
            0.05097860574906712,
            0.051747782992522876,
            0.05240090387664951,
            0.05268923577296296,
            0.05274127627700975,
            0.05433053760791911,
            0.05555274566871214,
            0.056237109284782406,
            0.05642831094692461,
            0.05914265832415519,
            0.06151715053102062,
            0.06280240245275336,
            0.06327361615288277,
            0.06964355832095402,
            0.07519088065742671,
            0.07878200011138545,
            0.08023595298845601,
            0.1007063882063882,
            0.11710357355382255,
            0.1278229717158522,
            0.13130473694304162,
            0.20455908818236354,
            0.2606837606837607,
            0.2975083247215524,
            0.30779770802192324,
            0.5446523120367102,
            0.659316427783903,
            0.715528781793842,
            0.724822695035461,
            0.9247491638795987,
            0.9592274678111588,
            0.9788732394366197,
            0.9784172661870504,
            1.0
        ],
        "recalls": [
            1.0,
            0.9999874371859296,
            0.9999849246231156,
            0.9999798994974874,
            0.9999798994974874,
            0.9999497487437186,
            0.9999095477386934,
            0.9998844221105527,
            0.9998693467336683,
            0.9997964824120603,
            0.9997412060301507,
            0.9996984924623116,
            0.9996884422110552,
            0.9995603015075377,
            0.9994597989949748,
            0.9994045226130653,
            0.9993844221105528,
            0.9991859296482412,
            0.9989648241206031,
            0.998856783919598,
            0.9987889447236181,
            0.9981532663316582,
            0.997608040201005,
            0.9973467336683417,
            0.9972462311557789,
            0.9956331658291457,
            0.9944195979899497,
            0.9938115577889447,
            0.9934321608040201,
            0.9891030150753769,
            0.9858819095477387,
            0.9839597989949749,
            0.9830150753768844,
            0.9712587939698493,
            0.962502512562814,
            0.9575050251256282,
            0.9552311557788945,
            0.9301407035175879,
            0.9104899497487438,
            0.8989597989949749,
            0.8935452261306532,
            0.8449472361809045,
            0.8083743718592965,
            0.7881532663316583,
            0.7789673366834171,
            0.70121608040201,
            0.6477713567839196,
            0.6192562814070351,
            0.6062236180904522,
            0.5070276381909548,
            0.4454346733668342,
            0.412570351758794,
            0.3987713567839196,
            0.3047663316582915,
            0.253891959798995,
            0.22820100502512564,
            0.21810804020100502,
            0.15097738693467336,
            0.12062060301507538,
            0.10540452261306532,
            0.10002763819095477,
            0.06372613065326634,
            0.04928894472361809,
            0.042650753768844224,
            0.040532663316582916,
            0.02471608040201005,
            0.01878894472361809,
            0.01622613065326633,
            0.015482412060301508,
            0.00942462311557789,
            0.00735678391959799,
            0.006510050251256281,
            0.006208542713567839,
            0.003876884422110553,
            0.003005025125628141,
            0.002685929648241206,
            0.0025678391959798996,
            0.0013894472361809045,
            0.0011231155778894473,
            0.0010477386934673366,
            0.0010251256281407035,
            0.0
        ]
    }
}