{
    "model_name": "BCDRBERT +ACL (cns)",
    "alignment": 1.3435667753219604,
    "uniformity": -1.3677924871444702,
    "knn_scores": {
        "5": 0.2558620572090149,
        "10": 0.2586206793785095,
        "50": 0.24551723897457123,
        "100": 0.2199999988079071
    }
}