{
    "model_name": "BCDRBERT +ACL (cdrcns 0.20)",
    "alignment": 1.2011295557022095,
    "uniformity": -1.2308391332626343,
    "knn_scores": {
        "5": 0.24379310011863708,
        "10": 0.24379310011863708,
        "50": 0.22793103754520416,
        "100": 0.21068964898586273
    }
}