{
    "model_name": "BCDRBERT +ACL (cns 0.20)",
    "alignment": 1.377472996711731,
    "uniformity": -1.4021745920181274,
    "knn_scores": {
        "5": 0.2524137794971466,
        "10": 0.25413793325424194,
        "50": 0.23379310965538025,
        "100": 0.21068964898586273
    }
}