{
    "model_name": "BCDRBERT +ACL (cns 0.20)",
    "vdjdb": {
        "knn_scores": {
            "5": 0.2524137794971466,
            "10": 0.25413793325424194,
            "50": 0.23379310965538025,
            "100": 0.21068964898586273
        },
        "avg_precision": 0.0679593933955299
    },
    "dash": {
        "knn_scores": {
            "5": 0.6955017447471619,
            "10": 0.6678200960159302,
            "50": 0.6366782188415527,
            "100": 0.5813148617744446
        },
        "avg_precision": 0.658371319678993
    }
}