{
    "model_name": "CDRBERT +ACL (cns 0.20, cdrcns 0.01, chaincns 0.20)",
    "vdjdb": {
        "knn_scores": {
            "5": 0.47428572177886963,
            "10": 0.46071428060531616,
            "50": 0.4121428430080414,
            "100": 0.3692857027053833
        },
        "avg_precision": 0.1593483779801318
    },
    "dash": {
        "knn_scores": {
            "5": 0.7807229161262512,
            "10": 0.7903614640235901,
            "50": 0.7734940052032471,
            "100": 0.7373493909835815
        },
        "avg_precision": 0.7777113212778036
    }
}