{
    "model_name": "BCDR3BERT +ACL (cns SimCL2)",
    "alignment": 1.3981680870056152,
    "uniformity": -1.4082363843917847,
    "knn_scores": {
        "5": 0.2151724100112915,
        "10": 0.2113793045282364,
        "50": 0.19931034743785858,
        "100": 0.1813793033361435
    }
}