{
    "model_name": "CDR3 Levenshtein",
    "alignment": 8.357834815979004,
    "uniformity": -6.898827075958252,
    "knn_scores": {
        "5": 0.20685714483261108,
        "10": 0.19771428406238556,
        "50": 0.16285714507102966,
        "100": 0.14085714519023895
    }
}