{
    "model_name": "BCDRBERT",
    "vdjdb": {
        "knn_scores": {
            "5": 0.21241378784179688,
            "10": 0.2175862044095993,
            "50": 0.22068965435028076,
            "100": 0.2079310417175293
        },
        "avg_precision": 0.05754948287775899
    },
    "dash": {
        "knn_scores": {
            "5": 0.7301037907600403,
            "10": 0.7024221420288086,
            "50": 0.6539792418479919,
            "100": 0.5743944644927979
        },
        "avg_precision": 0.64502782190235
    }
}