{
    "model_name": "BCDRBERTBDPos +ACL (cns 0.20)",
    "alignment": 1.3770086765289307,
    "uniformity": -1.4009097814559937,
    "knn_scores": {
        "5": 0.24793103337287903,
        "10": 0.24206896126270294,
        "50": 0.23241379857063293,
        "100": 0.2137930989265442
    }
}