{
    "model_name": "BCDRBERTBDPos +ACL (cns 0.20)",
    "vdjdb": {
        "knn_scores": {
            "5": 0.24862068891525269,
            "10": 0.24448275566101074,
            "50": 0.23275862634181976,
            "100": 0.21310344338417053
        },
        "avg_precision": 0.06530394339350724
    },
    "dash": {
        "knn_scores": {
            "5": 0.7093425393104553,
            "10": 0.6955017447471619,
            "50": 0.6401383876800537,
            "100": 0.5743944644927979
        },
        "avg_precision": 0.6767426173397274
    }
}