{
    "model_name": "CDRBERT +ACL (chaincns 0.05)",
    "vdjdb": {
        "knn_scores": {
            "5": 0.4871428608894348,
            "10": 0.4714285731315613,
            "50": 0.41357141733169556,
            "100": 0.37785714864730835
        },
        "avg_precision": 0.15707432907275687
    },
    "dash": {
        "knn_scores": {
            "5": 0.7927711009979248,
            "10": 0.7710843086242676,
            "50": 0.7638553977012634,
            "100": 0.7493975758552551
        },
        "avg_precision": 0.7905040810933148
    }
}