{
    "model_name": "BCDRBERT +ACL",
    "alignment": 1.3820011615753174,
    "uniformity": -1.400804877281189,
    "knn_scores": {
        "5": 0.24137930572032928,
        "10": 0.25517240166664124,
        "50": 0.22896552085876465,
        "100": 0.2258620709180832
    }
}