{
    "model_name": "BCDRBERT +ACL (cns 0.05)",
    "alignment": 1.3771779537200928,
    "uniformity": -1.4001057147979736,
    "knn_scores": {
        "5": 0.2593103349208832,
        "10": 0.2593103349208832,
        "50": 0.24241378903388977,
        "100": 0.22310344874858856
    }
}