{
    "model_name": "BCDRBERT +ACL (cns 0.05)",
    "vdjdb": {
        "knn_scores": {
            "5": 0.2593103349208832,
            "10": 0.2593103349208832,
            "50": 0.24241378903388977,
            "100": 0.22310344874858856
        },
        "avg_precision": 0.06450905795802411
    },
    "dash": {
        "knn_scores": {
            "5": 0.6747404932975769,
            "10": 0.6955017447471619,
            "50": 0.6401383876800537,
            "100": 0.5778546929359436
        },
        "avg_precision": 0.650860422692192
    }
}