{
    "model_name": "BCDRBERT +ACL (cns 0.10)",
    "alignment": 1.3757047653198242,
    "uniformity": -1.3995441198349,
    "knn_scores": {
        "5": 0.2582758665084839,
        "10": 0.25413793325424194,
        "50": 0.23517242074012756,
        "100": 0.2199999988079071
    }
}