{
    "model_name": "BCDRBERT +ACL (cns 0.10)",
    "vdjdb": {
        "knn_scores": {
            "5": 0.2582758665084839,
            "10": 0.25413793325424194,
            "50": 0.23517242074012756,
            "100": 0.2199999988079071
        },
        "avg_precision": 0.06584472747471566
    },
    "dash": {
        "knn_scores": {
            "5": 0.6678200960159302,
            "10": 0.6678200960159302,
            "50": 0.6193771362304688,
            "100": 0.5847750902175903
        },
        "avg_precision": 0.6572493450024074
    }
}