{
    "model_name": "BCDRBERT +ACL (small)",
    "vdjdb": {
        "knn_scores": {
            "5": 0.23172414302825928,
            "10": 0.23000000417232513,
            "50": 0.23172414302825928,
            "100": 0.22172413766384125
        },
        "avg_precision": 0.05613098087154164
    },
    "dash": {
        "knn_scores": {
            "5": 0.6851211190223694,
            "10": 0.7162629961967468,
            "50": 0.6608996391296387,
            "100": 0.6089965105056763
        },
        "avg_precision": 0.6219662649092406
    }
}