{
    "model_name": "EpitopeContrastive_BetaCDR3BERT_SimCLoss_ap_6_128_8_512",
    "alignment": 1.0121184587478638,
    "uniformity": -1.0423551797866821,
    "knn_scores": {
        "5": 0.28217390179634094,
        "10": 0.28869566321372986,
        "50": 0.2465217411518097,
        "100": 0.22499999403953552
    }
}