{
    "model_name": "BCDRBERT +ACL (cns 0.15)",
    "alignment": 1.3745777606964111,
    "uniformity": -1.3995558023452759,
    "knn_scores": {
        "5": 0.2610344886779785,
        "10": 0.2593103349208832,
        "50": 0.22931034862995148,
        "100": 0.2127586156129837
    }
}