{
    "model_name": "BCDRBERT +ACL (cns 0.15)",
    "vdjdb": {
        "knn_scores": {
            "5": 0.2610344886779785,
            "10": 0.2593103349208832,
            "50": 0.22931034862995148,
            "100": 0.2127586156129837
        },
        "avg_precision": 0.06770041773882667
    },
    "dash": {
        "knn_scores": {
            "5": 0.6574394702911377,
            "10": 0.6782007217407227,
            "50": 0.633217990398407,
            "100": 0.5778546929359436
        },
        "avg_precision": 0.6614565258041581
    }
}