{
    "model_name": "BCDRBERT +ACL (small, double censoring, simecl)",
    "mlm_summary": {
        "acc": 0.8489291256358944,
        "cdr1_acc": 0.9977404493177455,
        "cdr2_acc": 0.9997924056000321,
        "cdr3_acc": 0.7299407497932263
    },
    "vdjdb": {
        "knn_scores": {
            "5": 0.24689655005931854,
            "10": 0.2562068998813629,
            "50": 0.23344828188419342,
            "100": 0.20827586948871613
        },
        "avg_precision": 0.06896217630533558,
        "svm_performance": {
            "ATDALMTGY": {
                "max_acc": 0.8399999737739563,
                "max_valid_acc": 0.7300000190734863
            },
            "AVFDRKSDAK": {
                "max_acc": 0.8299999833106995,
                "max_valid_acc": 0.6299999952316284
            },
            "CINGVCWTV": {
                "max_acc": 0.8600000143051147,
                "max_valid_acc": 0.6399999856948853
            },
            "EIYKRWII": {
                "max_acc": 0.8999999761581421,
                "max_valid_acc": 0.6399999856948853
            },
            "ELAGIGILTV": {
                "max_acc": 0.7699999809265137,
                "max_valid_acc": 0.5799999833106995
            },
            "FLKEKGGL": {
                "max_acc": 0.8399999737739563,
                "max_valid_acc": 0.6000000238418579
            },
            "FRDYVDRFYKTLRAEQASQE": {
                "max_acc": 0.9900000095367432,
                "max_valid_acc": 0.9599999785423279
            },
            "GILGFVFTL": {
                "max_acc": 0.8500000238418579,
                "max_valid_acc": 0.7300000190734863
            },
            "GLCTLVAML": {
                "max_acc": 0.8299999833106995,
                "max_valid_acc": 0.6399999856948853
            },
            "GLIYNRMGAVTTEV": {
                "max_acc": 0.7799999713897705,
                "max_valid_acc": 0.6000000238418579
            },
            "IVTDFSVIK": {
                "max_acc": 0.800000011920929,
                "max_valid_acc": 0.5799999833106995
            },
            "KAFSPEVIPMF": {
                "max_acc": 0.8299999833106995,
                "max_valid_acc": 0.7799999713897705
            },
            "KLGGALQAK": {
                "max_acc": 0.75,
                "max_valid_acc": 0.5199999809265137
            },
            "KRWIILGLNK": {
                "max_acc": 0.7799999713897705,
                "max_valid_acc": 0.6600000262260437
            },
            "LLLGIGILV": {
                "max_acc": 0.8500000238418579,
                "max_valid_acc": 0.6200000047683716
            },
            "LLQTGIHVRVSQPSL": {
                "max_acc": 0.8600000143051147,
                "max_valid_acc": 0.5099999904632568
            },
            "LLWNGPMAV": {
                "max_acc": 0.8500000238418579,
                "max_valid_acc": 0.6200000047683716
            },
            "LPRRSGAAGA": {
                "max_acc": 0.8500000238418579,
                "max_valid_acc": 0.5699999928474426
            },
            "NEGVKAAW": {
                "max_acc": 0.8100000023841858,
                "max_valid_acc": 0.5799999833106995
            },
            "NLSALGIFST": {
                "max_acc": 0.8399999737739563,
                "max_valid_acc": 0.6000000238418579
            },
            "NLVPMVATV": {
                "max_acc": 0.8199999928474426,
                "max_valid_acc": 0.6299999952316284
            },
            "PKYVKQNTLKLAT": {
                "max_acc": 0.8500000238418579,
                "max_valid_acc": 0.6499999761581421
            },
            "QARQMVQAMRTIGTHP": {
                "max_acc": 0.8399999737739563,
                "max_valid_acc": 0.6499999761581421
            },
            "RAKFKQLL": {
                "max_acc": 0.7900000214576721,
                "max_valid_acc": 0.6700000166893005
            },
            "RLRAEAQVK": {
                "max_acc": 0.800000011920929,
                "max_valid_acc": 0.6000000238418579
            },
            "SFHSLHLLF": {
                "max_acc": 0.8500000238418579,
                "max_valid_acc": 0.6399999856948853
            },
            "TPQDLNTML": {
                "max_acc": 0.8399999737739563,
                "max_valid_acc": 0.7599999904632568
            },
            "TPRVTGGGAM": {
                "max_acc": 0.9300000071525574,
                "max_valid_acc": 0.7400000095367432
            },
            "VTEHDTLLY": {
                "max_acc": 0.8700000047683716,
                "max_valid_acc": 0.6700000166893005
            }
        }
    },
    "dash": {
        "knn_scores": {
            "5": 0.8240963816642761,
            "10": 0.8072289228439331,
            "50": 0.742168664932251,
            "100": 0.7180722951889038
        },
        "avg_precision": 0.7953392730326587,
        "svm_performance": {
            "BMLF": {
                "max_acc": 0.8478260636329651,
                "max_valid_acc": 0.760869562625885
            },
            "M1": {
                "max_acc": 0.9104938507080078,
                "max_valid_acc": 0.8553087115287781
            },
            "pp65": {
                "max_acc": 0.8235294222831726,
                "max_valid_acc": 0.6086956262588501
            }
        }
    },
    "mira": {
        "knn_scores": {
            "5": 0.2631579041481018,
            "10": 0.2689473628997803,
            "50": 0.2215789407491684,
            "100": 0.19368420541286469
        },
        "avg_precision": 0.07146080546775122,
        "svm_performance": {
            "FLNGSCGSV": {
                "max_acc": 0.8399999737739563,
                "max_valid_acc": 0.6800000071525574
            },
            "FLPRVFSAV": {
                "max_acc": 0.7900000214576721,
                "max_valid_acc": 0.6899999976158142
            },
            "FVDGVPFVV": {
                "max_acc": 0.8399999737739563,
                "max_valid_acc": 0.5699999928474426
            },
            "HTTDPSFLGRY": {
                "max_acc": 0.8399999737739563,
                "max_valid_acc": 0.6299999952316284
            },
            "KAYNVTQAF": {
                "max_acc": 0.8799999952316284,
                "max_valid_acc": 0.5699999928474426
            },
            "KLNVGDYFV": {
                "max_acc": 0.8700000047683716,
                "max_valid_acc": 0.6899999976158142
            },
            "KLPDDFTGCV": {
                "max_acc": 0.8700000047683716,
                "max_valid_acc": 0.7300000190734863
            },
            "KLSYGIATV": {
                "max_acc": 0.8399999737739563,
                "max_valid_acc": 0.6499999761581421
            },
            "KLWAQCVQL": {
                "max_acc": 0.7599999904632568,
                "max_valid_acc": 0.6499999761581421
            },
            "KPLEFGATSAAL": {
                "max_acc": 0.8899999856948853,
                "max_valid_acc": 0.7799999713897705
            },
            "LEPLVDLPI": {
                "max_acc": 0.8199999928474426,
                "max_valid_acc": 0.6399999856948853
            },
            "MPASWVMRI": {
                "max_acc": 0.8199999928474426,
                "max_valid_acc": 0.6600000262260437
            },
            "RQLLFVVEV": {
                "max_acc": 0.7799999713897705,
                "max_valid_acc": 0.7099999785423279
            },
            "TLIGDCATV": {
                "max_acc": 0.8500000238418579,
                "max_valid_acc": 0.6200000047683716
            },
            "VLWAHGFEL": {
                "max_acc": 0.8899999856948853,
                "max_valid_acc": 0.8600000143051147
            },
            "YFPLQSYGF": {
                "max_acc": 0.8299999833106995,
                "max_valid_acc": 0.6700000166893005
            },
            "YIFFASFYY": {
                "max_acc": 0.800000011920929,