{
    "model_name": "CDR3BERT_a_6_128_8_512-embed_5",
    "alignment": 0.7113608717918396,
    "uniformity": -0.837177038192749,
    "alignment + uniformity": -0.12581616640090942,
    "5nn_accuracy": 0.2085416615009308
}