{
    "TRBV20-1": 0.1326345697109708,
    "TRBV12-3": 0.07855217417372588,
    "TRBV7-2": 0.0698131423194531,
    "TRBV30": 0.051928839661647005,
    "TRBV5-1": 0.04960397820503565,
    "TRBV7-9": 0.04543758175252951,
    "TRBV9": 0.0368172401936732,
    "TRBV27": 0.03624459010857103,
    "TRBV4-1": 0.036209105381075385,
    "TRBV2": 0.033972343937556666,
    "TRBV6-5": 0.03039083368308223,
    "TRBV29-1": 0.027056492909784364,
    "TRBV4-2": 0.023906917441722454,
    "TRBV19": 0.023408907645490442,
    "TRBV28": 0.022902332570207757,
    "TRBV6-2": 0.02263925614222279,
    "TRBV18": 0.021741125453195034,
    "TRBV6-1": 0.02127125871670095,
    "TRBV10-3": 0.01820244159397396,
    "TRBV4-3": 0.01794303599986785,
    "TRBV3-1": 0.017684854017054694,
    "TRBV11-2": 0.017402199808382472,
    "TRBV15": 0.01651630523228425,
    "TRBV5-4": 0.016152892678277107,
    "TRBV25-1": 0.01537834672983764,
    "TRBV13": 0.015036959179103656,
    "TRBV7-6": 0.013961404852597666,
    "TRBV7-3": 0.013528246454892182,
    "TRBV6-6": 0.012418431012183498,
    "TRBV14": 0.0120170865080948,
    "TRBV7-8": 0.01136245446636476,
    "TRBV24-1": 0.007188716346100902,
    "TRBV11-3": 0.005678780010596474,
    "TRBV11-1": 0.005005793799472134,
    "TRBV7-7": 0.004890774337934519,
    "TRBV12-5": 0.0035178824672408666,
    "TRBV10-2": 0.0030737115678988024,
    "TRBV5-8": 0.002677261508981919,
    "TRBV6-4": 0.00245089341978555,
    "TRBV10-1": 0.0012921335253587322,
    "TRBV16": 0.0006852223240538731,
    "TRBV7-4": 0.0005273764672628917,
    "TRBV6-9": 0.0001933305842866285,
    "TRBV12-4": 0.0001933305842866285,
    "TRBV6-8": 0.00018843613911481512,
    "TRBV6-3": 0.00014193890998258802,
    "TRBV5-5": 8.320556792082746e-05,
    "TRBV5-6": 7.586390016310739e-05
}